:020000040800F2
:1000000000060020E1020008E3020008E302000805
:10001000E3020008E3020008E3020008E30200082C
:10002000E3020008E3020008E3020008757A000812
:10003000E3020008E3020008E3020008E30200080C
:10004000E3020008E3020008E3020008E3020008FC
:10005000E3020008E302000881890008AD89000876
:10006000D9890008058A0008318A00083D50000837
:100070006550000891500008BD500008E950000884
:10008000115100083D510008E3020008E302000896
:10009000E3020008E3020008E30200085D8A0008AA
:1000A000E3020008E3020008E3020008E30200089C
:1000B000E3020008E3020008E3020008E30200088C
:1000C000E3020008E3020008E3020008E30200087C
:1000D000E3020008E3020008E3020008E30200086C
:1000E000C18A0008E3020008E3020008E3020008F6
:1000F000E3020008E3020008E30200086951000877
:10010000E3020008358B0008498B0008E302000871
:10011000E3020008E3020008E3020008E30200082B
:1001200095510008BD510008E9510008155200081A
:1001300041520008E3020008E3020008E30200085D
:10014000E3020008E3020008E3020008E3020008FB
:100150006952000895520008C1520008E3020008E5
:10016000E3020008E3020008E3020008E3020008DB
:10017000E302000861860008E3020008E3020008C9
:10018000E3020008E3020008E3020008E3020008BB
:10019000E3020008E3020008E3020008E3020008AB
:1001A000E3020008E3020008E3020008E30200089B
:1001B000E3020008E3020008E3020008E30200088B
:1001C000E3020008E3020008E3020008E30200087B
:1001D000E30200084D860008E3020008E30200087D
:1001E000E3020008E3020008E3020008E30200085B
:1001F000E3020008E3020008E3020008E30200084B
:10020000E3020008E3020008E3020008E30200083A
:10021000E3020008E3020008E3020008E30200082A
:10022000E3020008E3020008E3020008E30200081A
:10023000E3020008E3020008E3020008E30200080A
:10024000E3020008E3020008E3020008E3020008FA
:10025000E3020008E3020008E3020008E3020008EA
:10026000E3020008E3020008E3020008E3020008DA
:10027000E3020008E3020008E3020008E3020008CA
:10028000E3020008E3020008E3020008E3020008BA
:10029000E3020008E3020008E3020008E3020008AA
:1002A000E3020008E3020008E3020008E30200089A
:1002B000E3020008E3020008E3020008E30200088A
:1002C000E3020008E3020008E3020008E30200087A
:1002D000E3020008E3020008E3020008E30200086A
:1002E00002E000F000F8FEE772B6374880F30888B5
:1002F000364880F3098836483649086040F20000E5
:10030000CCF200004EF63471CEF200010860BFF36B
:100310004F8FBFF36F8F40F20000C0F2F0004EF637
:100320008851CEF200010860BFF34F8FBFF36F8F8B
:100330004FF00000E1EE100A4EF63C71CEF20001E3
:100340000860062080F31488BFF36F8F07F0F4FB7A
:1003500006F082FD4FF055301F491B4A91423CBFC9
:1003600041F8040BFAE71D49184A91423CBF41F895
:10037000040BFAE71A491B4A1B4B9A423EBF51F83D
:10038000040B42F8040BF8E700201849184A914280
:100390003CBF41F8040BFAE707F00CFC06F0E0FD67
:1003A000144C154DAC4203DA54F8041B8847F9E7A6
:1003B00000F0C4F9114C124DAC4203DA54F8041B9E
:1003C0008847F9E707F0F4BB000600200022002070
:1003D0000000000808ED00E00000002000060020FA
:1003E00098A1000800220020C8220020C822002076
:1003F0002C5A0020E0020008E0020008E002000899
:10040000E00200082DE9F04F2DED108AC1F80CD064
:10041000D0F80CD0BDEC108ABDE8F08F002383F338
:1004200011882846A047002006F0F8FAFEE706F0FB
:1004300051FA00DFFEE7000053B94AB9002908BFAE
:1004400000281CBF4FF0FF314FF0FF3000F074B9AF
:10045000ADF1080C6DE904CE00F006F8DDF804E01B
:10046000DDE9022304B070472DE9F047089D0446FA
:100470008E46002B4DD18A42944669D9B2FA82F257
:1004800052B101FA02F3C2F1200120FA01F10CFA93
:1004900002FC41EA030E94404FEA1C48210CBEFBCB
:1004A000F8F61FFA8CF708FB16E341EA034306FB54
:1004B00007F199420AD91CEB030306F1FF3080F0E3
:1004C0001F81994240F21C81023E63445B1AA4B230
:1004D000B3FBF8F008FB103344EA034400FB07F7D2
:1004E000A7420AD91CEB040400F1FF3380F00A8113
:1004F000A74240F207816444023840EA0640E41B08
:1005000000261DB1D4400023C5E900433146BDE8B3
:10051000F0878B4209D9002D00F0EF800026C5E955
:10052000000130463146BDE8F087B3FA83F6002E6D
:100530004AD18B4202D3824200F2F980841A61EBE5
:10054000030301209E46002DE0D0C5E9004EDDE703
:1005500002B9FFDEB2FA82F2002A40F09280A1EBEB
:100560000C014FEA1C471FFA8CFE0126200CB1FB40
:10057000F7F307FB131140EA01410EFB03F0884239
:1005800008D91CEB010103F1FF3802D2884200F2C6
:10059000CB804346091AA4B2B1FBF7F007FB101158
:1005A00044EA01440EFB00FEA64508D91CEB0404F6
:1005B00000F1FF3102D2A64500F2BB800846A4EB51
:1005C0000E0440EA03409CE7C6F12007B34022FA3C
:1005D00007FC4CEA030C20FA07F401FA06F31C436B
:1005E000F9404FEA1C4900FA06F3B1FBF9F8200C78
:1005F0001FFA8CFE09FB181140EA014108FB0EF0BE
:10060000884202FA06F20BD91CEB010108F1FF3A0D
:1006100080F08880884240F28580A8F10208614419
:10062000091AA4B2B1FBF9F009FB101144EA014127
:1006300000FB0EFE8E4508D91CEB010100F1FF34D2
:100640006CD28E456AD90238614440EA0840A0FB6A
:100650000294A1EB0E01A142C846A64656D353D040
:100660005DB1B3EB080261EB0E0101FA07F722FA64
:1006700006F3F1401F43C5E9007100263146BDE88D
:10068000F087C2F12003D8400CFA02FC21FA03F3F0
:10069000914001434FEA1C471FFA8CFEB3FBF7F071
:1006A00007FB10360B0C43EA064300FB0EF69E4296
:1006B00004FA02F408D91CEB030300F1FF382FD22F
:1006C0009E422DD9023863449B1B89B2B3FBF7F6D7
:1006D00007FB163341EA034106FB0EF38B4208D9B0
:1006E0001CEB010106F1FF3816D28B4214D9023EF1
:1006F0006144C91A46EA004638E72E46284605E70F
:100700000646E3E61846F8E64B45A9D2B9EB0208DF
:1007100064EB0C0E0138A3E74646EAE7204694E76F
:100720004046D1E7D0467BE7023B614432E73046A2
:1007300009E76444023842E7704700BF38B501F06A
:100740004FFA01F0BFFB07F09FF8054607F088F964
:100750000446D0B90F4B9D4219D001339D4241F25E
:10076000883504BF01240025002007F097F80CB15C
:1007700000F078F801F07AFB00F05CFD08B100F0C1
:1007800071F8284600F01CF9F9E70025ECE705466A
:10079000EAE700BF010007B008B501F0F3F9A0F1E6
:1007A00020035842584108BD07B541F21203022107
:1007B00001A8ADF8043001F003FA03B05DF804FBC2
:1007C00038B5302383F31188174803680BB106F05E
:1007D00009FA0023154A4FF47A71134806F0F8F924
:1007E000002383F31188124C236813B12368013B63
:1007F0002360636813B16368013B63600D4D2B7820
:1008000033B963687BB9022001F0A2FA3223636036
:100810002B78032B07D163682BB9022001F098FADB
:100820004FF47A73636038BDC8220020C107000806
:10083000E8230020E0220020084B187003280CD881
:10084000DFE800F008050208022001F07FBA02206C
:1008500001F07ABA024B00225A607047E022002071
:10086000E8230020F8B5504B504A1C461968013166
:1008700000F0998004339342F8D162684C4B9A425D
:1008800040F291804B4B9B6803F1006303F500330A
:100890009A4280F08880002001F0C8F90220FFF71A
:1008A000CBFF454B0021D3F8E820C3F8E810D3F87C
:1008B0001021C3F81011D3F81021D3F8EC20C3F89D
:1008C000EC10D3F81421C3F81411D3F81421D3F881
:1008D000F020C3F8F010D3F81821C3F81811D3F89A
:1008E0001821D3F8802042F00062C3F88020D3F8AA
:1008F000802022F00062C3F88020D3F88020D3F853
:10090000802042F00072C3F88020D3F8802022F0CB
:100910000072C3F88020D3F8803072B64FF0E02325
:10092000C3F8084DD4E90004BFF34F8FBFF36F8FB6
:10093000224AC2F88410BFF34F8F536923F48033E7
:100940005361BFF34F8FD2F8803043F6E076C3F3A4
:10095000C905C3F34E335B0103EA060C29464CEA92
:1009600081770139C2F87472F9D2203B13F1200F5C
:10097000F2D1BFF34F8FBFF36F8FBFF34F8FBFF332
:100980006F8F536923F4003353610023C2F8503250
:10099000BFF34F8FBFF36F8F302383F311888546EA
:1009A00080F308882047F8BD0000020820000208F4
:1009B000FFFF0108002200200044025800ED00E083
:1009C0002DE9F04F93B0B44B2022FF2100900AA8EC
:1009D0009D6801F0F5F9B14A1378A3B90121B04837
:1009E00011700360302383F3118803680BB106F0A4
:1009F000F9F80023AB4A4FF47A71A94806F0E8F8F9
:100A0000002383F31188009B13B1A74B009A1A604F
:100A1000A64A1378032B03D000231370A24A536015
:100A20004FF0000A009CD3465646D146012001F003
:100A30008DF924B19C4B1B68002B00F0268200200E
:100A400001F0A0F80390039B002BF2DB012001F0E2
:100A50007BF9039B213B1F2BE8D801A252F823F01E
:100A6000E10A0008090B00089D0B00082D0A000888
:100A70002D0A00082D0A00082F0C0008FF0D0008A1
:100A8000190D00087B0D0008A30D0008C90D000812
:100A90002D0A0008DB0D00082D0A00084D0E000885
:100AA000810B00082D0A0008910E0008ED0A0008CD
:100AB000810B00082D0A00087B0D00082D0A000894
:100AC0002D0A00082D0A00082D0A00082D0A00082A
:100AD0002D0A00082D0A00082D0A00089D0B0008A9
:100AE0000220FFF759FE002840F0F981009B022107
:100AF00005A8BAF1000F08BF1C4641F21233ADF849
:100B0000143001F05DF891E74FF47A7001F03AF893
:100B1000071EEBDB0220FFF73FFE0028E6D0013F77
:100B2000052F00F2DE81DFE807F0030A0D1013360F
:100B30000523042105A8059301F042F817E00421DC
:100B40005548F9E704215A48F6E704215948F3E7E4
:100B50004FF01C08404608F1040801F069F8042130
:100B6000059005A801F02CF8B8F12C0FF2D1012066
:100B70004FF0000900FA07F747EA0B0B5FFA8BFB0F
:100B800001F06AF926B10BF00B030B2B08BF002410
:100B9000FFF70AFE4AE704214748CDE7002EA5D01B
:100BA0000BF00B030B2BA1D10220FFF7F5FD07463D
:100BB00000289BD00120002601F038F80220FFF722
:100BC0003BFE1FFA86F8404601F040F80446B0B1FB
:100BD000039940460136A1F140025142514101F0D2
:100BE00045F80028EDD1BA46044641F2121302211D
:100BF00005A83E46ADF8143000F0E2FF16E72546A2
:100C00000120FFF719FE244B9B68AB4207D9284609
:100C100001F00EF8013040F067810435F3E700255C
:100C2000224BBA463E461D701F4B5D60A8E7002E62
:100C30003FF45CAF0BF00B030B2B7FF457AF02209C
:100C4000FFF7FAFD322000F09DFFB0F10008FFF63B
:100C50004DAF18F003077FF449AF0F4A08EB0503C7
:100C6000926893423FF642AFB8F5807F3FF73EAFC0
:100C7000124BB845019323DD4FF47A7000F082FFE8
:100C80000390039A002AFFF631AF039A0137019BC4
:100C900003F8012BEDE700BF00220020E423002031
:100CA000C8220020C1070008E8230020E02200201D
:100CB00004220020082200200C220020E422002030
:100CC000C820FFF769FD074600283FF40FAF1F2D2E
:100CD00011D8C5F120020AAB25F003008449424532
:100CE000184428BF4246019201F044F8019AFF21BE
:100CF0007F4801F065F84FEAA803C8F387027C49F2
:100D00002846019301F064F8064600283FF46DAFD1
:100D1000019B05EB830533E70220FFF73DFD00282B
:100D20003FF4E4AE00F0C0FF00283FF4DFAE002740
:100D3000B846704B9B68BB4218D91F2F11D80A9B2D
:100D400001330ED027F0030348336B4453F8203CA3
:100D500005934046042205A9043701F009F98046AD
:100D6000E7E7384600F064FF0590F2E7CDF814801D
:100D7000042105A800F024FF02E70023642104A851
:100D8000049300F013FF00287FF4B0AE0220FFF7B9
:100D900003FD00283FF4AAAE049800F07BFF059005
:100DA000E6E70023642104A8049300F0FFFE002876
:100DB0007FF49CAE0220FFF7EFFC00283FF496AED4
:100DC000049800F069FFEAE70220FFF7E5FC00283D
:100DD0003FF48CAE00F078FFE1E70220FFF7DCFC87
:100DE00000283FF483AE05A9142000F073FF0746E6
:100DF0000421049004A800F0E3FE3946B9E732204C
:100E000000F0C0FE071EFFF671AEBB077FF46EAEAA
:100E1000384A07EB0903926893423FF667AE022017
:100E2000FFF7BAFC00283FF461AE27F003074F44F8
:100E3000B9453FF4A5AE484609F1040900F0F8FEB3
:100E40000421059005A800F0BBFEF1E74FF47A708D
:100E5000FFF7A2FC00283FF449AE00F025FF002870
:100E600044D00A9B01330BD008220AA9002000F0CD
:100E7000AFFF00283AD02022FF210AA800F0A0FFEF
:100E8000FFF792FC1C4805F0CFFD13B0BDE8F08FD2
:100E9000002E3FF42BAE0BF00B030B2B7FF426AE92
:100EA0000023642105A8059300F080FE0746002872
:100EB0007FF41CAE0220FFF76FFC804600283FF451
:100EC00015AEFFF771FC41F2883005F0ADFD0598D5
:100ED00000F0F6FF46463C4600F0BEFFA6E506469B
:100EE0004EE64FF0000901E6BA467EE637467CE65C
:100EF000E422002000220020A086010070470000AC
:100F000070470000704700002DE9F04100F5803780
:100F1000044616463B7C5BB9C0681030204400F0A4
:100F200029FFE5683544B5F5004FE56002D816B1F4
:100F3000BDE8F081DEB905F07F0605F11000002163
:100F4000C6F180062044F6B232462E4400F038FF47
:100F5000A06804F11008324600F10060414600F537
:100F6000003006F03DFA30B901233B74E0E74FF45E
:100F700000463546ECE7A26805F1100140463244D0
:100F80002144A260E268521BE26000F0F3FE0220FE
:100F9000BDE8F04100F0DCBE183000F04FBD0000AD
:100FA00010B5044608F098FA204610BD10B5044666
:100FB00008F092FA204610BD0FB400B5ADF53F7DA4
:100FC000122216492AA802F0CDFE08BB2AA8DDE9A4
:100FD0002E2303F095FAC1ABC09AA02102A800937A
:100FE00001F03CF8021E10DD9F2A01AB02A92AA8DD
:100FF000A8BF9F2203F0D8F801AB012208492AA814
:1010000003F0D2F82AA803F0B7F92AA803F06AFA85
:101010000DF53F7D5DF804EB04B070475096000875
:1010200075980008C3B280B2A3F14102052A02D824
:10103000373800B27047613B052B94BF57383038C2
:10104000F7E70000F8B504461546084603220C49A8
:1010500000F09AFE014688B908346F1C15F911009A
:10106000FFF7E0FF064617F911000131FFF7DAFF3D
:10107000102940EA061004F8010BEFD1F8BD00BFBB
:10108000749600082DE9F04FADF53F7D07464168A5
:1010900001222AA802F066FE002840F0878006465A
:1010A000824681461125DFF80C81DFF80CB101ABD7
:1010B0004FF4805241462AA802F0B4FF002875D1AF
:1010C000019AB2F5805F71D8002A65D00446019A72
:1010D0009442ECD2282D0FD008DC132D2DD01E2DDC
:1010E00039D0112D13D00134A4B2F0E7322D2DD018
:1010F000372D2FD02D2DF6D13B68121B08EB0401A4
:1011000038461B692D259847BDF80440EBE7121BB4
:10111000022A09D9594608EB040000F035FE18B937
:1011200002342825A4B2DEE718F804303A2B3DD06B
:101130000A2B1CBFA1461325D5E718F804300A2B4B
:1011400034D03A2B04BFA2463225CCE718F804303D
:10115000202BC8D0264618F804300A2B1AD1AAEB47
:10116000090208EB090102A811254F2A28BF4F22C6
:1011700008F05AFAA21B08EB060116A84F2A28BF4E
:101180004F2208F051FA3B6816AA02A9DB683846DC
:101190009847A8E71E25A6E73B68384604491B691F
:1011A000984701200DF53F7DBDE8F08F0020F9E75D
:1011B00076980008F02300207896000800F11801C6
:1011C00010B5044686B00846019100F021FC204687
:1011D000FFF758FF60B1019902A800F079FC1022D6
:1011E00004F1080102A808F09BF9B0FA80F0400968
:1011F00006B010BD70B504460025EEB2304600F0D2
:1012000025FD58B100213046013500F02FFD08B909
:10121000002070BD022000F09BFDEEE72046FFF7A6
:1012200031FF0028F4D004F58034207C80F00100E8
:10123000EFE70000F0B5C9B006F03EFB00F0C6FED7
:101240000446D8B169463D4803F06CFA04460028CC
:1012500071D13B4D3949009A3A48FFF7ADFE284617
:1012600003F090FA384803F08DFA2946334803F02A
:1012700005FB30B131493548FFF79EFE204649B0A5
:10128000F0BD702008F02AF9064610B1304B4560D9
:101290000360336830469B689847044690B92D48F0
:1012A0002546FFF789FE264803F06CFA336830467E
:1012B0005B6898471DB12B6828465B68984700F02B
:1012C0006DFEDBE7204F2448FFF776FE39461C48C9
:1012D00003F0D4FA044638B12048FFF76DFE1848F1
:1012E00003F050FA0024C9E71D4808F0F7F8054656
:1012F00038B11C4B4760036000F58033C0E90244FD
:101300001C742B6828469B689847044630B91648D9
:10131000FFF752FE0C4803F035FAC7E70A4803F01E
:1013200031FA20B108491148FFF746FEDAE71048C4
:10133000FFF742FEBAE70024C1E700BF7C96000831
:10134000B296000897960008D4960008F596000813
:10135000DC9700081E9700083597000840970008A2
:1013600014000100F89700086C97000882970008A5
:10137000AB9700082DE9F04FD44A8DB00B68D0F838
:1013800004A001931A440368D14E1A44D1F81C906A
:10139000DFF8B4C3DFF8B4B3D0E90234634003EA42
:1013A0000A03634013444A6802920AEB7363029C87
:1013B000C84A2244C468224484688AEA04051D405D
:1013C000654015448A68039203EB3555039CC24A75
:1013D0002244846822448AEA03042C4084EA0A04F2
:1013E0001444CA6805EBF4340492164483EA0502F7
:1013F000224056445A4032440E69059604EBB2220C
:10140000059FB64E3E441E4485EA040313406B40DC
:1014100033444E69069602EB7363069FB04E3E441A
:101420002E4484EA02051D40654035448E690796C6
:1014300003EB3555079FAB4E3E44264482EA030436
:101440002C4054403444A84E4E4405EBF43416442A
:1014500083EA050222405A4032440E6A089604EBA1
:10146000B222089FA14E3E441E4485EA0403134065
:101470006B4033444E6A099602EB7363099F9C4E9E
:10148000D1F830E03E44D1F83880F3442E4484EA69
:1014900002051D40654035448E6AA6F5244703EBDE
:1014A00035550A964F3F274482EA03042C405440A6
:1014B0003C44CF6A0B9705EBF4340B9E8D4F3744B9
:1014C000029E174483EA050222405A403A448A4F5A
:1014D000774404EBB2221F4485EA040313406B40B7
:1014E0003B444F6BBC4402EB7363654484EA020CDB
:1014F0000CEA030C8CEA040C6544DFF854C2C444C3
:1015000003EB3555A44482EA03042C405440644460
:10151000D1F83CC0794905EBF4346144114483EAC5
:10152000050222405A400A44754904EBB222314474
:10153000079E194484EA02032B4063400B4471491F
:1015400002EBF36331440B9E0D4482EA0301214018
:10155000514029446C4D03EBF1513544019E254423
:1015600083EA010414405C402C44684D01EBB44410
:101570003544069E154481EA04021A404A402A4432
:10158000634D04EB323235440A9E1D4484EA020363
:101590000B4063402B445F4D02EBF3633544059EE3
:1015A0000D4482EA03012140514029445A4D03EB86
:1015B000F1516544254483EA010414405C402C4405
:1015C000564D01EBB4443544099E154481EA0402AA
:1015D0001A404A402A44524D04EB32323544049EAC
:1015E0001D4484EA02030B4063402B444D4D02EB43
:1015F000F36345440D4482EA0301214051402944EC
:10160000494D03EBF1513544089E2C4483EA010512
:1016100015405D402C44454D01EBB4443544039ED8
:101620002A4481EA04051D404D402A44404D04EB04
:1016300032323D442B4484EA020593440D40654018
:101640002B443C4D02EBF3633544069E294482EA69
:101650000305254055402944374D03EBF1514D44D6
:101660002C4483EA010515405D40254401EBB54556
:1016700081EA050404EA03024A405A44A6F5B82B5D
:10168000089E05EB3232ABF2BE6B54405B44234400
:101690002A4C344402EB33730B9E0C4485EA02015E
:1016A00059402144264C344403EB7151029E254499
:1016B00082EA03044C402544224C444401EB354566
:1016C000144483EA01026A40224443E078A46AD7C2
:1016D000EECEBDC156B7C7E8DB702024AF0F7CF556
:1016E0002AC68747134630A8019546FDD8988069D9
:1016F000AFF7448BBED75C892211906B2108B449A7
:1017000062251EF640B340C0515A5E26AAC7B6E90C
:101710005D102FD65314440281E6A1D8C8FBD3E74D
:10172000E6CDE121D60737C3870DD5F4ED145A4530
:1017300005E9E3A9F8A3EFFCD9026F6781F6718789
:1017400022619D6D0C38E5FD937198FD8A4C2A8DC0
:101750008E4379A6934C344405EB7222059E1C44BB
:1017600081EA0503534023448F4C344402EB337326
:101770000A9E0C4485EA0201594021448B4C4C449A
:1017800003EB7151254482EA03044C402C44884DFC
:10179000354401EB3444019E154483EA0102624062
:1017A0002A44844D3D4404EB72221D4481EA040323
:1017B00053402B44804D354402EB3373049E29443F
:1017C00084EA02055D4029447C4D354403EB7151A8
:1017D000079E254482EA03044C402C44784D35444E
:1017E00001EB3444099E2A4483EA0105654015440F
:1017F000744A324404EB7525039E134481EA0402C3
:101800006A401A44704B734405EB32720B4484EA0D
:101810000501514019446D4B634402EB71511C4466
:1018200085EA02034B401C44694B334401EB3444CA
:10183000019E1D4482EA010363402B44654D04EB85
:1018400073233544069E154463EA010262402A442C
:10185000614D03EBB2624D4462EA040929445F4DD5
:1018600089EA0309454449442C445D4D02EBB151DA
:101870003544049E61EA03081D4488EA0208444492
:1018800001EB744464EA02034B402B44554D04EBD6
:10189000F323754463EA010E15448EEA040E0EEB41
:1018A0000502514D03EBB262354462EA040E29444D
:1018B0000A9D8EEA030EA5F580164C4D7144A6F6DE
:1018C000833602EBB151264461EA030454403444A8
:1018D000029E01EB7444354464EA02061D444E4006
:1018E0007319089E424D04EBF323354463EA010665
:1018F0001544664072193F4D03EBB262654462EADB
:10190000040629443C4D5E403144079E02EBB15130
:10191000354461EA03062C44384D56403D44344476
:10192000059E1D4401EB744464EA02034B402B44C2
:10193000334D04EBF32335440B9E154463EA010257
:1019400062402A442F4D03EBB2623544039E0D449E
:1019500062EA0401594029442B4D02EBB151354450
:101960002A4E254461EA030454402C44099D01EBAE
:1019700074442E4464EA02051E4485EA01039D195D
:1019800003681A440AEB040303EBF5230260436087
:1019900083681C44C36819448460C1600DB0BDE80D
:1019A000F08F00BF44EABEA4A9CFDE4B604BBBF66C
:1019B00070BCBFBEC67E9B28FA27A1EA8530EFD453
:1019C000051D880439D0D4D9E599DBE6F87CA21F3F
:1019D0006556ACC4442229F497FF2A43A72394AB4D
:1019E00039A093FCC3595B6592CC0C8FD15D848583
:1019F0004F7EA86FE0E62CFE144301A3A111084E10
:101A0000827E53F735F23ABDBBD2D72A91D386EB0B
:101A1000094B036003F18833436003F12943A3F5C5
:101A20009613A3F68B638360A3F18833C36000230E
:101A3000C0E90433704700BF012345672DE9F8432F
:101A40001446026905460E46E300C2F3C50800F1DC
:101A500018079B18036122BF43690133436112F4E5
:101A6000FC7F436903EB5473436114D0C8F1400910
:101A700007EB08004C4504D22246BDE8F84307F0C6
:101A80005FBD403C4A464E4407F05AFD4444394647
:101A90002846FFF76FFCA04606EB0409B8F13F0F9C
:101AA000A9EB08010AD94022384607F049FD39461A
:101AB0002846A8F14008FFF75DFCEFE7A1096FF0A9
:101AC0003F02384602FB014206EB8111D5E70000D8
:101AD00070B50B6901F1180506460C46C3F3C50342
:101AE000EA18501C8022EA54C3F13F02072A1FD88B
:101AF000002100F065F929462046FFF73BFC38221B
:101B00000021284600F05CF9236929462046236518
:101B100063696365FFF72EFC21461022304607F00B
:101B20000FFD204658220021BDE8704000F048B962
:101B3000C3F137020021E5E70F4B70B51B780C4667
:101B40000133DBB2012B11D80C4D4FF47A732968A5
:101B5000A2FB033222460E6A01462846B047844261
:101B600004D1074B002201201A7070BD4FF4FA70A7
:101B700004F05AFF0020F8E710220020083C002063
:101B80001C340020002307B5024601210DF1070097
:101B90008DF80730FFF7D0FF20B19DF8070003B0A4
:101BA0005DF804FB4FF0FF30F9E700000A4604211E
:101BB00008B5FFF7C1FF80F00100C0B2404208BD88
:101BC00030B4054C0A46014623682046DD69034BC4
:101BD000AC4630BC604700BF083C0020A086010036
:101BE00070B5104C0025104E05F09EFB208030682B
:101BF000238883420CD800252088013805F090FB0B
:101C000023880544013BB5F5802F2380F4D370BDB4
:101C100005F086FB336805440133B5F5003F3360BA
:101C2000E5D3E8E71E340020F033002005F04ABC7D
:101C300000F1006000F500300068704700F10060BE
:101C4000920000F5003005F0CBBB0000054B1A6890
:101C5000054B1B889B1A834202D9104405F060BBD8
:101C600000207047F03300201E34002038B50446B1
:101C7000074D29B128682044BDE8384005F068BB0D
:101C80002868204405F052FB0028F3D038BD00BF7F
:101C9000F03300200020704700F1FF5000F58F1056
:101CA000D0F8000870470000064991F8243033B19D
:101CB00000230822086A81F82430FFF7BFBF012003
:101CC000704700BFF4330020014B1868704700BF15
:101CD0000010005C194B01380322084470B51D68E0
:101CE000174BC5F30B042D0C1E88A6420BD15C6864
:101CF0000A46013C824213460FD214F9016F4EB1DD
:101D000002F8016BF6E7013A03F10803ECD18142D6
:101D10000B4602D22C2203F8012B0424094A168810
:101D2000AE4204D1984284BF967803F8016B013C1F
:101D300002F10402F3D1581A70BD00BF0010005C1C
:101D400014220020389800087047000070470000F7
:101D50007047000070B504464FF47A764CB1412CC0
:101D6000254628BF412506FB05F0641B04F05CFEF8
:101D7000F4E770BD002310B5934203D0CC5CC4548B
:101D80000133F9E710BD0000013810B510F9013F2B
:101D90003BB191F900409C4203D11AB10131013AA3
:101DA000F4E71AB191F90020981A10BD1046FCE72B
:101DB00003460246D01A12F9011B0029FAD17047D6
:101DC00002440346934202D003F8011BFAE770472E
:101DD0002DE9F8431F4D14460746884695F8242000
:101DE00052BBDFF870909CB395F824302BB92022B9
:101DF000FF2148462F62FFF7E3FF95F82400414694
:101E0000C0F1080205EB8000A24228BF2246D6B2EC
:101E10009200FFF7AFFF95F82430A41B17441E442F
:101E20009044E4B2F6B2082E85F82460DBD1FFF7C7
:101E30003BFF0028D7D108E02B6A03EB82038342E3
:101E4000CFD0FFF731FF0028CBD10020BDE8F883C9
:101E50000120FBE7F4330020024B1A78024B1A7082
:101E6000704700BF1C3400201022002010B5114C18
:101E7000114804F0E1F821460F4804F009F92468FC
:101E80004FF47A70D4F89020D2F8043843F002036B
:101E9000C2F80438FFF75EFF0849204604F006FA4E
:101EA000D4F89020D2F8043823F00203C2F80438A2
:101EB00010BD00BF14A00008083C00201CA00008B2
:101EC00070470000F0B5A1B071B6002301200024D6
:101ED00080261A46194603F09BFA4FF4D067214A30
:101EE0003D25136923BBD2F810310BBB036804F105
:101EF000006199600368C3F80CD003685E600368F2
:101F00001F6001680B6843F001030B6001680B68F8
:101F100023F01E030B6001680B68DB07FCD4037B16
:101F20008034416805FA03F3B4F5001F0B60D8D183
:101F300003F0AEFAB4F5001F11D000240A4E0B4D89
:101F4000012005F0BFFA3388A34205D92868204450
:101F5000013405F0FDF9F6E7002005F0B3FA61B6AB
:101F600021B0F0BD002000521E340020F0330020CC
:101F700030B50A44084D91420DD011F8013B58404C
:101F8000082340F30004013B2C4013F0FF0384EAD4
:101F90005000F6D1EFE730BD2083B8ED10B5084C06
:101FA00001220849002001F0B9FE23783BB1064820
:101FB00003F082FF044803F0B5FF0023237010BD37
:101FC0002034002048980008003700201D482DE9E3
:101FD000F041036D2BB901224FF48051503005F0D0
:101FE00091FC194E33780BB1FFF7D8FF0324174F3C
:101FF0004FF00008134D15492846C7F8048003F038
:1020000083FF284603F0BCFD48B1013C284603F09D
:1020100089FF14F0FF04EED1204634700FE00C4924
:1020200001220C4801F07AFE014618B1284603F05F
:1020300043FFEAE7084800F013F801203070BDE8DC
:10204000F08100BF00370020203400202C22002027
:1020500048980008243400204C98000802F076BF0D
:102060000FB4002004B07047006870470346006852
:10207000596870470B0A017043700B0C090E83708E
:10208000C1707047110A027003714170110C120E79
:102090008170C2701A0A42711A0C1B0E8271C371D0
:1020A00070470000C36A0239023B8B4283BF4389F9
:1020B000006C01FB0300002070470000C2F30723FF
:1020C0008A76CB760378032B01BF120C0A75120AAD
:1020D0004A75704700F10B010022D30143EA520315
:1020E00010F8012B52FA83F38842DAB2F5D1104688
:1020F0007047000010B541780446002001310246C7
:102100004901022A16BFA35C032203EBC03302F18C
:1021100001021EBF9BB203EB500398B29142F0D86C
:1021200010BD000002684AB1134613F8011B1F29B5
:102130000DD93A29F9D1911C8B4202D04FF0FF30D2
:1021400070471278302AF9D1036000207047014BA4
:10215000187870477036002038B50D46044618B917
:10216000092000232B6038BD0368002BF8D01A78B3
:10217000002AF5D08188DA889142F1D1587804F0AC
:10218000EFFD10F00100EBD12368EBE738B50D4609
:1021900040F25231144602F07BFCFF2807D9012C93
:1021A0000BD9030A022468702B70204638BD30B169
:1021B000002CFAD001242870F7E70024F5E7044644
:1021C000F3E700002DE9F8430026D0F8008005462B
:1021D0000C468E76836B002B4AD098F80030042B87
:1021E0004BD133463546402720E0B7F5187F80F0C5
:1021F000C480F90606F1010608BF0237D05B02373A
:102200002BB900F5205292B2B2F5006F0DD305F153
:102210001A01C5F1FF0240EA03402144FFF7B6FF6F
:10222000002800F0AA80054400200346D8F81020BA
:1022300092F82310B142D8D8002B40F09E80002D98
:1022400000F09B8000232544AB766373D8F8102000
:10225000137903F03701DB0621730BD402F1380048
:10226000FFF704FFC4E9000193896381D3892381C7
:10227000BDE8F88300200146F4E7C36C01335ED16A
:10228000EA6B00232E26551E184615F8011F013053
:1022900020290CD0052908BFE521092804D10B2BE2
:1022A0009EBFE71801337E73E718013379730B285B
:1022B000EBD1E11800204873A17E00294BD1002BFF
:1022C00040D06FF00C0604F10D000825361B3318C2
:1022D00010F8011B002938D02E298BB24AD0A3F167
:1022E0004101192903D8117B0D4200D0203303731B
:1022F000EDE7B9F1000F05D100F520539BB2B3F51E
:10230000006F0BD307F11A01C7F1FF0240EA094041
:102310002144FFF73BFF48B10744002002368146C5
:10232000D8F80C30985B0028E3D13846B9F1000F9B
:102330004FF0000218BF002023189A76A0E7B1469C
:102340003746EDE73F23A376012323440021997606
:10235000137B03B96373D37A02F11C0003F03F03CC
:1023600023730023FFF780FE20606360D38A6381BC
:10237000138B7CE710250B46B9E73F230125A37695
:1023800060E7000038B50546002435F8020B08B9AF
:10239000204638BD02F0B0FB6308C2B203EBC43381
:1023A00012FA83F39AB2C0F3072303EB520303EB51
:1023B000C2339CB2E9E7000037B5C37804461BB9C5
:1023C0000025284603B030BD00F14C01826C01238A
:1023D0004078019104F0EAFC054680B9A36BE070F7
:1023E000A06C226BC31A9342EAD2A3780199022B04
:1023F000E6D102440123607804F0D8FCE1E701252E
:10240000DFE7000038B5836C05460C468B4210D0E0
:10241000FFF7D2FF60B92246012305F14C0168782D
:1024200004F0A0FC00281CBF4FF0FF340120AC6476
:1024300038BD0020FCE7000038B500230446C37017
:102440004FF0FF338364FFF7DDFF00284BD1B4F872
:102450004A524AF655239D4207D10B22254904F1E1
:102460004C0007F05DF800283FD094F84C30EB2B7F
:1024700003D01833DBB2012B2ED84AF655239D42E8
:1024800006D108221C4904F19E0007F049F848B320
:10249000B4F85730B3F5007F1ED194F85930DBB152
:1024A0005A1E1A4218D1B4F85A30ABB194F85C30C5
:1024B000013B012B10D8B4F85D306BB1B4F85F303C
:1024C0007F2B06D804F16C00FFF7CEFDB0F5803FFE
:1024D00002D3B4F8623053B94AF6552085420CBF96
:1024E0000220032038BD0420FCE70120FAE7002089
:1024F000F8E700BF789800088498000802392DE9B1
:10250000F04701F007044FF0010A466C05460AFA4D
:1025100004F41746984606EB1136C1F3C809E4B235
:10252000314628460136FFF76DFF18B10120BDE89E
:10253000F087994605EB090292F84C30234214BF0C
:1025400001210021414513D06340013F82F84C3006
:1025500085F803A0EBD0640014F0FF04EAD109F180
:10256000010301244FF00009B3F5007FE1D1D7E763
:102570000220DCE701290246F8B50C4640F28C80C7
:102580000668F36A8B4240F287803378013B032B65
:1025900000F28280DFE803F00229384B04EB540597
:1025A000B16B304601EB5521FFF72CFF10B14FF016
:1025B000FF30F8BD6F1CC5F30805B16B30463544DC
:1025C00001EB572195F84C50FFF71CFF0028EED186
:1025D000C7F30807E3073E4496F84C0045EA00209D
:1025E0004CBF0009C0F30B00E3E7B16B304601EBD1
:1025F0001421FFF707FF0028D9D1640004F4FF7409
:102600002644B6F84C00D4E7B16B304601EBD41148
:10261000FFF7F8FE0028CAD1A40006F14C0004F42C
:10262000FE742044FFF720FD20F07040C1E7D0E9A0
:102630000430D57953EA000101D0916801B95DBB3E
:102640009168022DA4EB01010DD1013B728940F18B
:10265000FF305B0A43EAC053B3FBF2F399421BD845
:102660001CD0601CA5E7032D02D193698B42F8D8DA
:10267000D3699BB9B16B304601EBD411FFF7C2FEB1
:10268000002894D1A0004C3600F4FE703044FFF7CF
:10269000EBFC20F000408CE701208AE76FF000405F
:1026A00087E70000F8B5066804460D463378042B2A
:1026B0000CBF4FF080524FF400128A4201D8022022
:1026C000F8BDCA06FBD182680163D2B9022B13D8C8
:1026D0003389B3EB551FF2D9F36BA363A36B62632A
:1026E000002BECD003EB55234C36C5F30805002036
:1026F000A3633544E563E3E7F36BC271002BE7D0D6
:102700001A4677897F02BD42114604D23046FFF750
:10271000C9FCA063E2E72046FFF72CFF431C0246FA
:1027200006D00128CBD9F36A8342C8D9ED1BEAE76A
:102730000120C5E701292DE9F04706460C4617465A
:1027400008D9C36A8B4205D90378022B62D003D81B
:10275000012B22D0022552E0033B012BFAD8816BDA
:1027600001EBD411FFF74EFE0546002847D1A40027
:1027700006F14C0304F4FE741C443378042B07D098
:10278000204627F07047FFF76FFC00F070400743CA
:1027900039462046FFF76EFC2FE001EB5108816BB4
:1027A00001EB5821FFF72EFE054640BB14F0010453
:1027B00006F14C0908F1010AC8F3080808BFFBB28A
:1027C00030461FBF19F8083003F00F023B0103F039
:1027D000F00318BF134309F808300123B16BF370FD
:1027E00001EB5A21FFF70EFE054640B9CAF3080A6D
:1027F00044B1C7F3071709F80A700123F37028469C
:10280000BDE8F08719F80A30C7F3032723F00F0358
:102810001F43F0E7816B01EB1421FFF7F3FD054641
:102820000028ECD1640006F14C0304F4FF741F553A
:102830001919C7F307274F70DFE70000F8B5044602
:102840000E461746E3690BB91846F8BD012BA6EBF7
:102850000305206814BFAA1C3A46691CFFF76AFFEB
:102860000028F2D1E369013BE361EBE701292DE99F
:10287000F84306460C461746056802D80220BDE814
:10288000F883EB6A8B42F9D97AB9A14621463046E2
:10289000A046FFF76FFE0446B0B92B78042B02D197
:1028A000002F43D1F7710020E9E72B78042B02D1E8
:1028B000C379022BE9D04FF0FF3239462846FFF7A3
:1028C00039FF0028E1D0DAE70128D7D0421C01D136
:1028D0000120D4E72B78042B19D1EA6AAB69023ABC
:1028E00093421CD308F10102A2420CD02B78042B96
:1028F00008D10023A2EB090249462846FFF7FEFD56
:102900000028BCD1A146EB6AA342BFD8C5E700228C
:1029100041462846FFF70EFF0028DED0AFE701331F
:10292000AB612B7943F001032B71DBE7F3798BB9B2
:10293000B468BC4202D10223F371B4E721463046A9
:10294000FFF718FE012899D9431CC1D001348442F5
:10295000EFD0A8E7032BA6D1B368BB42A3D8B269D6
:102960001344BB429FD3E6E770B5C3790446032BFB
:1029700006D181688369CD18A94203D10023E37190
:10298000002070BD4E1C20683246FFF7D3FE0028A1
:10299000F7D13146F0E700002DE9F74305460191F4
:1029A000FFF70AFD0446002849D105F14C090199B9
:1029B00028464FF40072FFF775FB2146A8640746CE
:1029C0004846FFF7FDF96C896402B4F5004F28BF53
:1029D0004FF40044B4F5007F2FD9204604F052FE96
:1029E000804630B122460021640A0026FFF7E8F94C
:1029F00009E06408EEE72346BA194146687804F016
:102A0000D5F918B926446B899E42F4D3404604F0A8
:102A100049FE6889801B18BF012003B0BDE8F08320
:102A200001366B899E42F4D20123BA19494668786F
:102A300004F0BCF90028F3D0EBE70026F1E7012011
:102A4000EBE70000F8B50446FFF7B6FC05460028A2
:102A500042D12378032B37D12779012F34D104F1C8
:102A60004C0601464FF400723046FFF7A9F9552392
:102A70004122722184F84A32AA2304F50D7084F8A9
:102A80004F2084F84B32522384F8301284F84C30B3
:102A900084F84D30612384F8311284F84E3084F884
:102AA0003332A16984F83222FFF7E4FA616904F550
:102AB0000E70FFF7DFFA626B3B46314601326078F9
:102AC000A26404F073F9257100226078114604F0C5
:102AD00091F9003818BF0120F8BD000000232DE94E
:102AE000F0430B6085B00F461546FFF71BFB061E33
:102AF000C0F2B281804B53F82640002C00F0AE812A
:102B00003C6005F0FE0523786BB1607804F028F98D
:102B1000C70708D41DB110F0040500D00A252846C7
:102B200005B0BDE8F0830023F0B22370607004F0BC
:102B300003F9C10700F194810DB14207EED40021E1
:102B40002046FFF779FC022840F099806E4604F297
:102B5000122304F25221324618461033FFF784FA4A
:102B600042F8040B8B42F7D1002556F8041B0029CC
:102B70007DD02046FFF760FC012879D80128A26C9F
:102B800040F0C08004F1570304F18C0113F8015B9D
:102B9000002D7BD18B42F9D1B4F8B430B3F5807FEE
:102BA00074D194F8B830092B70D104F19400FFF778
:102BB0005DFA4FF0FF33171841F10001BB4275EB8E
:102BC000010363D304F1A000FFF74EFA94F8BA3082
:102BD0002063012BA37059D194F8B99003FA09F935
:102BE0001FFA89F36381002B50D0444B04F1A800F5
:102BF000FFF73AFA0646984248D8831C626304F10C
:102C0000A400E362FFF730FA00EB020804F19C0035
:102C1000C4F84080FFF728FA10441FFA89F2A06335
:102C200006FB02F313EB080345EB05029F4271EB31
:102C300002032BD32E4604F1AC00FFF715FAE06334
:102C400065B96389B34221D9E16B2046FFF72AFABF
:102C500081192046FFF7D6FB98B90136631993F81E
:102C60004C30812B14D02035C5F30805E8E703204C
:102C70000135042D7FF479AF042807D101E0042841
:102C800001D101254BE701287FF678AF0D2546E7F6
:102C900005F1140004F14C063044FFF7E5F9012872
:102CA0000546F3D9E36A8342F0D96189821E236C19
:102CB00002FB01336364A16B204601EBD511FFF7E2
:102CC000A1FB0028DDD105F07F0006EB8000FFF7B7
:102CD000CBF9431C03D00135A842ECD0D6E704253C
:102CE000C4E90500064A257000251388E561013313
:102CF0009BB21380E38012E774360020FDFFFF7F54
:102D000078360020B4F85730B3F5007FBED1B4F860
:102D1000626026B904F17000FFF7A6F9064694F840
:102D20005C302663591EA3700129AFD894F859501E
:102D30006581002DAAD0691E2942A7D1B4F85D8013
:102D400018F00F0FA4F80880A0D1B4F85F0018B9EC
:102D500004F16C00FFF788F9B4F85A10002995D0F7
:102D600006FB03FE01EB181CF44460458ED3A0EB78
:102D70000C00A842B0FBF5F388D33E48834285D8C7
:102D80004FF6F57083426DD903259F1C114402EB69
:102D90000C03032DE7626263A16323644CD1B4F892
:102DA000763053EA08037FF471AFBB0004F178007A
:102DB000FFF75AF9E06303F2FF13B6EB532FFFF46A
:102DC00065AF4FF0FF33032DC4E905334FF08003A7
:102DD000237187D1B4F87C30012B83D1511C20465C
:102DE000FFF710FB00287FF47DAFB4F84A224AF6C3
:102DF000552320719A427FF475AF1F4B04F14C00AC
:102E0000FFF732F998427FF46DAF03F1FF5304F5F9
:102E10000C70FFF729F903F50053203398427FF433
:102E200061AF04F50D70FFF71FF9A06104F50E7096
:102E3000FFF71AF9606155E7B8F1000F3FF426AFCC
:102E40007144022D4FEA4703E1631EBFD91907F011
:102E5000010303EB5103AEE70B2560E60C255EE6AC
:102E600003255CE640F6F575AB428CBF02250125D3
:102E70008BE700BFF5FFFF0F525261412DE9F84F7C
:102E800007460568884649B96E69C6B1EB6AB34220
:102E900098BF0126AB69A3B9002405E0FFF76AFBE0
:102EA0000128044603D801242046BDE8F88F421CBF
:102EB00000F0D280EB6A8342F6D84646EAE7012664
:102EC000E8E72A78EB6A042A40F08380A6F1020A38
:102ED000023B4FF0010B9A4528BF4FF0000AD14644
:102EE000696C284601EB1931FFF78CFA00283BD1B9
:102EF00009F00703EA6AC9F3C8010BFA03F3901E4D
:102F0000DBB26A184C4609F1010992F84C20814560
:102F100002EA030233BF5B0000234FF40071DBB20F
:102F200028BF9946B2B90234631E0333BCD80123CB
:102F3000214628461A46FFF7E1FA0228B3D00128B5
:102F400000F08A80B8F1000F13D10223FB71002832
:102F5000A9D130E0CA450AD0002BD2D10131B1F558
:102F6000007FBDD20123CCE74FF0FF34DCE7002423
:102F7000DAE7FB79022B07D1731CA342E7D0BB68C9
:102F8000F31ABB610323FB7108F10102FB69A24242
:102F900005D113B10133FB61D9E70223FBE70BB97C
:102FA0000123FB61224641463846FFF747FC0028D3
:102FB0004FD10123FB61EA6AAB69023A6C6193422B
:102FC0009CBF03F1FF33AB612B7943F001032B71FD
:102FD0006AE7464514D1741C38469C4228BF022437
:102FE0002146FFF7C7FA01283FF45DAF431C33D0F9
:102FF000E0B16B69012B03D9EA6A934238BF1E46E0
:1030000034460134EB6AA34203D8012E7FF644AF65
:10301000022421463846FFF7ADFA48B101283FF4B3
:1030200042AF013018D0B442EBD135E7002CE7D0E5
:103030004FF0FF3221462846FFF77CFB48B9B8F134
:10304000000FB8D0224641462846FFF773FB002800
:10305000B1D001287FF427AF4FF0FF3424E7000000
:103060002DE9F84306680446076B89463378203714
:10307000042B0CBF4FF080534FF40013BB429CBF96
:1030800000238363836B73B1C7F30808B8F1000FA3
:103090003CD10133416B836339B93389B3EB571F9B
:1030A00034D80023A36304200AE07389013B13EAA8
:1030B00057232BD1FFF75EFA0128054602D80220DC
:1030C000BDE8F883421C01D10120F9E7F36A83428D
:1030D00016D8B9F1000FE4D0616B2046FFF7CEFEA1
:1030E0000546C8B10128EAD0431CEDD00146304660
:1030F000FFF752FC0028E7D1E37943F00403E371C2
:10310000294630466563FEF7CDFFA0634C360020AC
:1031100027634644E663D3E70720D1E7F8B50E46B8
:10312000002104460768FFF7BDFA98B90546A16B70
:103130003846FFF767F968B93A78E36B042A1B78D9
:103140000CD11B060ED5054601212046FFF788FF4E
:103150000028ECD0042808BF072006E0E52B01D0AA
:10316000002BF0D10135B542EED1F8BDC16C4B1C3E
:103170002DE9F04104460568066B1FD1E5274FF0A5
:103180000108A16B2846FFF73DF998B92A78E36B4F
:10319000042A09BF1A781F7002F07F021A7085F89E
:1031A0000380236BB3420DD200212046FFF758FF66
:1031B0000028E6D0042808BF022003E0FFF772FAD7
:1031C0000028DBD0BDE8F0812DE9F041054600681C
:1031D000A96B0669FFF716F9044620B9EB6B1A785C
:1031E000852A03D002242046BDE8F081324603F14F
:1031F000200153F8040B8B4242F8040BF9D1777885
:1032000001377F01A7F16003B3F5007FEAD8002101
:103210002846FFF725FF04280446E3D00028E2D122
:10322000A96B2868FFF7EEF804460028DBD1EB6BAA
:103230001A78C02AD6D106F1200203F1200153F8F2
:10324000040B8B4242F8040BF9D196F823300F227D
:103250002C33B3FBF2F3B7EB431FC3D34FF040085B
:1032600000212846FFF7FCFE04280446BAD00028B7
:10327000B9D1A96B2868FFF7C5F804460028B2D178
:10328000EB6B1A78C12AADD1B8F5187F09D206EBDD
:10329000080203F1200153F8040B8B4242F8040B9F
:1032A000F9D108F120084745DAD8B8F5187F9AD83F
:1032B0003046FEF71FFF7388834294D092E70000E8
:1032C0000B68002210B5036004460B6A83604B6AEA
:1032D000C261C37123F0FF03896AC0E90432C1648B
:1032E000FFF7E0F920B92046BDE81040FFF76CBFBA
:1032F00010BD0000F8B50368054601271C6920468B
:10330000FEF7F8FEA070000A6678E0702846E96CC7
:10331000FFF7C8F920B1022828BF0220C0B2F8BDCB
:10332000A96B2868FFF76EF80028F4D1EB6B04F165
:10333000200254F8041B944243F8041BF9D12B6873
:10334000DF70002EE7D000212846013EFFF788FEFF
:10335000E0E700002DE9F8434FF0FF080646076854
:10336000042445464FF6FF79B16B11B9002C73D098
:1033700063E03846FFF746F8044600285DD1F06B5D
:103380000378002B6ED03A78042A11D1852B4DD1C9
:10339000336B3046F364FFF717FF044600284CD127
:1033A0003B691B7903F03F03B3712046BDE8F88306
:1033B000C27AE52B02F03F02B27143D02E2B41D0EE
:1033C00022F0200108293DD00F2A40D1590637D5D7
:1033D00003F0BF05336B90F80D80F364437B4345E6
:1033E00030D1428B72BB03780D21FC6823F040037F
:1033F000DFF874E0013B4B4301211EF801CB30F8AC
:103400000CC009B3FF2B1DD824F813C0614601334B
:1034100001320D2AF1D10278520605D521B1FF2BD8
:1034200010D8002224F81320013DEDB200213046CF
:10343000FFF716FE0446002896D00023B363B4E7D6
:10344000AB42CBD0FF25F1E7CC45E1D0FAE72DB96F
:10345000FEF740FE404501D10024A6E74FF0FF33C0
:10346000F364A2E70424E8E7209900082DE9F04F6F
:10347000002187B00446D0F80090FFF713F980468A
:1034800070B999F80030042B33D1D9F80C00FEF74D
:1034900079FF07462046FFF75DFF054620B18046CD
:1034A000404607B0BDE8F08FD9F810309A8CBA4288
:1034B000F0D193F823B040265D4506D1D9F80C3001
:1034C00033F81530002BE5D1EAE7F106D9F81030D2
:1034D00008BF0236985B01F00FFBD9F80C3082462A
:1034E00033F8150001F008FB8245D3D102360135CF
:1034F000E2E74FF0FF0A4FF0FF3B5546C4F84CB0EF
:10350000A16B4846FEF77EFF00285CD1E66B37785A
:10351000002F77D0F27AE52F02F03F03A37103D09A
:10352000120704D50F2B04D0C4F84CB04FE00F2B7A
:1035300054D194F84B3058063FD4790645D5236BC7
:1035400007F0BF0796F80DA0E364737B53453ED1A7
:10355000738B002B3BD135780121D9F80C3005F065
:103560003F0501930D23013D5D43284B13F8012BCB
:10357000B25A71B3FF2D059329D81046049201F079
:10358000BBFA6B1C03900293019B33F8150001F00A
:10359000B3FA039981421AD1049A029D1146059B00
:1035A0001B4A9342E2D133785A0604D519B1019BE4
:1035B00033F815305BB97D1EEDB200212046FFF7D0
:1035C0004FFD00289CD080466AE7BD42BDD0FF2554
:1035D000F3E74FF6FF708242E2D0F8E72DB93046AC
:1035E000FEF778FD50453FF45BAF94F84B30DB07B6
:1035F0009AD40B2204F14001304605F091FF0028D7
:1036000092D14DE74FF004084AE700BF2099000827
:103610002D9900082DE9F04F90F84BB099B0044671
:103620001BF0A00540F06C810668F26832F8153096
:10363000002B4AD13378042B40F087800F230E35BE
:103640002046B5FBF3F5A91CFFF768FD814600286D
:1036500077D1236B0135A3EB4515E3795A07E56470
:1036600035D523F004032046E371FFF77DF950BB05
:103670004FF0FF32616B2046FFF7E0F818BBA368FC
:103680002BB3214604A8FFF71BFEE0B970894FF465
:103690000071D4E90423E0FB01233069C4E9042369
:1036A0003830FEF7EFFC3069D4E904232830FEF708
:1036B000E9FCE379326904A843F0010382F8213080
:1036C000FFF718FE18B181463BE00135AEE7D6E9B9
:1036D0000354402200212046FEF772FB852301217E
:1036E00040222370C0234FF0C10C04EB010884F882
:1036F000203000231E469E46571C04F802C0F0B23C
:10370000023204F807E021B135F8131009B1013392
:10371000DBB20F0AA15408F802700232D706F2D1C8
:1037200035F813700136002FE6D184F82330831C5E
:1037300028466370FEF726FE84F82400000A84F809
:103740002500484619B0BDE8F08F04F140070DF19F
:10375000100A1BF0010F97E807008AE8070000F045
:10376000D78040234FF0010884F84B30BC46F36803
:10377000B8F1050F9AE80700ACE803002CF8022B1B
:103780004FEA12428CF800205DD9981E424630F86C
:10379000021F002946D10DF10F0C072102F00F0E78
:1037A000914612090EF13000392888BF0EF137001A
:1037B00001390CF8010902D0B9F10F0FEED801F16F
:1037C00060037E200DEB030202F8580C38460022FD
:1037D000914206D010F801CB02F1010EBCF1200F8E
:1037E00033D104F13F0C072902F1010297BF01F127
:1037F0006003202001310DEB030098BF10F8580C36
:10380000072A0CF80200EED92046FFF72FFE81466A
:10381000002878D108F10108B8F1640FA6D14FF063
:1038200007098EE74FF0100C01F0010E49080EEB6E
:103830004202D30344BF82F4883282F02102BCF1F9
:10384000010CF1D1A3E74246A5E77246C0E7216B20
:103850002046A1EB4511FEF725FF814600287FF4A5
:1038600070AF4FF6FF783846FEF734FC0190A16B3D
:103870003046FEF7C7FD814600287FF462AFE36B58
:10388000E9B2019A4FF00D0CD6F80CE05A734FF0E4
:103890000F02DFF8E0A0DA724A1E18730CFB02F286
:1038A00084469876D87640451AF8019B0CF1010CB5
:1038B00018BF3EF8120003EB090B18BF013203F8E2
:1038C00009004FEA1029002808BF4046BCF10D0F3F
:1038D0008BF80190E7D1404502D03EF812200AB99A
:1038E00041F040011970012300212046F370FFF7D9
:1038F000B7FB814600287FF424AF013DB7D11BE020
:103900004FF006091DE704287FF41BAF84F84BB085
:103910001BF0020F20461BBF0C350D210125B5FB06
:10392000F1F518BF01352946FFF7F8FB814600285D
:103930007FF407AF013D8AD1A16B3046FEF762FDEF
:10394000814600287FF4FDAE01462022E06BFEF7A1
:1039500037FAE36B03CF18605960BA7839889A72E6
:10396000198194F84B30E26B03F0180313730123B1
:10397000F370E6E62099000810B504460A46343094
:10398000FEF772FB886004F13800FEF76FFBC2E9B6
:10399000040194F8213003F00203D3710023D361B2
:1039A00010BD000003284B8B04BF8A8A43EA024300
:1039B000184670472DE9F04F0B7899B004468946B8
:1039C0002F2BD0F800B001D05C2B09D14A461378D8
:1039D000914601322F2BFAD05C2BF8D0002301E066
:1039E000DBF81C30A3600023E3619BF80030042B5C
:1039F0001ED1A368E3B1DBF82030214604A823627E
:103A0000DBF824306362DBF82830A362FFF758FC50
:103A10000346002854D1DBF8102002F13800FEF7ED
:103A200023FBC4E9040392F8213003F00203E3719D
:103A300099F800301F2B00F23581802300212046A9
:103A400084F84B3019B0BDE8F04FFEF72BBE494665
:103A50000B78894601312F2BFAD05C2BF8D01F2B25
:103A60008CBF00250425012F2FD113882E2B31D197
:103A7000002322F8173004F140029F428CBF2E2110
:103A8000202101330B2B02F8011BF6D145F0200554
:103A9000204684F84B50FFF7E9FC94F84B3000289F
:103AA00000F0E78004280BD1990603F0040240F1EE
:103AB000DC80002A00F0F6808023002084F84B3060
:103AC00019B0BDE8F08F0425CDE7022F02D153884D
:103AD0002E2BCAD0911E87BB002322F81730002F4F
:103AE00000F0118132F81300194601332028F9D073
:103AF00009B92E2801D145F00305901E30F8173082
:103B00002E2B01D0013FF9D14FF020334FF0000AA6
:103B10006364D0462364C4F847300823481C32F855
:103B200011600090F6B1202E03D02E2E0DD1B84298
:103B300010D045F003050099F0E731F81730202B3D
:103B400001D02E2BC8D1013FC5E79A4505D2009977
:103B5000B9423BD10B2B30D101E00B2B27D145F0E3
:103B600003050B2394F84020E52A04BF052284F8BE
:103B70004020082B04BF4FEA88085FFA88F808F055
:103B80000C030C2B03D008F00303032B01D145F0E9
:103B90000205A8073FF57CAF18F0010F18BF45F0EC
:103BA000100518F0040F18BF45F0080570E70099DC
:103BB000B94202D045F00305D4D84FEA88080B2358
:103BC0004FF0080A00975FFA88F8B4E77F2E15D9FE
:103BD000304640F25231CDE9022345F00203019311
:103BE00000F056FF10F0800F0646DDE9022316D0E4
:103BF00000F07F0646498E5D019D46B3314645483B
:103C0000CDE9012305F0FAFCDDE90123F8B9A6F1BD
:103C1000410189B219291ED848F0020810E0FF2896
:103C2000EAD9591E8A4503D345F003059A4682E72F
:103C300004EB0A01000A0AF1010A019D81F8400023
:103C400004EB0A010AF1010A81F8406073E745F0CC
:103C500003055F26F4E7A6F1610189B219299EBF29
:103C6000203E48F00108B6B2EAE7002A08BF052066
:103C700026E75A073FF524AFA379DB0645D59BF825
:103C80000000042835D1A3682146E2792362236924
:103C9000DBF8100023F0FF0313436362E36CA362BD
:103CA000FFF76AFE23680027DA6819F8010B00287D
:103CB0003FF409AF40F25231009200F009FF05468F
:103CC00008B31F28009A7FF6FEAE2F283FF4BFAE40
:103CD0005C283FF4BCAE7F2805D801460E4805F0AD
:103CE0008DFC009A78B9FF2F0DD022F817500137BC
:103CF000DBE7216B0BF14C03C1F308011944FFF71B
:103D000051FEA060CEE70620DAE60520D8E600BF27
:103D1000A098000899980008909800081FB5CDE970
:103D2000001003A814460391FEF7FCF9002815DBE8
:103D30000B4A52F820300BB100211970019B0BB1D6
:103D40000021197042F820302CB1002201A96846E8
:103D5000FEF7C4FE0446204604B010BD0B24FAE76B
:103D6000743600202DE9F04798B090460546019141
:103D7000002800F0528102F03F0603A901A8324654
:103D8000FEF7ACFE002840F04681039B4FF48C60A8
:103D9000049303F077FC0746002800F04081039B62
:103DA00000F500720199D86004A81A61FFF702FEBD
:103DB000044620B99DF95B30002BB8BF062418F0EB
:103DC0001C0F00F0CD80002C4CD0042C40D104A856
:103DD000FFF720FC044600283AD146F00806039B72
:103DE0001A78042A40F08380186929462B60FFF76F
:103DF000C3FD039B1E22002118690230FDF7E0FF7E
:103E0000039C00211A2220692630FDF7D9FF23697F
:103E100020221A71246903F06FFC01460122083444
:103E20002046FEF727F9039B04A81B6983F821208D
:103E3000FFF760FA044658B9A96801B3024628465C
:103E4000FEF714FDAB68039A0446013B5361B4B11D
:103E5000384603F027FC0CB100232B60204618B035
:103E6000BDE8F0879DF8163013F0110F40F0848004
:103E700018F0040F40F0C98018F0080FAFD1039A72
:103E800031071399936C48BF46F04006E964AB6470
:103E90001078042872D1069B9DF817102B62089B9E
:103EA000106923F0FF030B4329466B62179BAB623B
:103EB000FFF762FDDDF80CA00024002205F1500898
:103EC000BAF8063021464046C5F800A0AB80002372
:103ED00085F8306085F831406C64C5E90E234FF4F5
:103EE0000072FDF76DFFB20653D40024B0E703F073
:103EF00003FC0146009013980E30FEF7BBF81398B0
:103F000000991630FEF7B6F8039C13992078FFF756
:103F100049FD202300228046CB7220461399FEF7EC
:103F2000CDF8139B002201211A775A779A77DA7716
:103F3000039BD970B8F1000FA1D0414604A8D3F873
:103F40004890FEF793FC0446002881D14946039827
:103F5000FEF758FA039B044608F1FF30586176E7F4
:103F6000002C7FF475AF9DF81630DC064FD418F0A6
:103F7000020F84D0D80782D5072469E7FFF712FD26
:103F80000023A86001F11C00FEF76EF86B61286148
:103F900090E7D5E9046956EA0903A6D0BAF80AA061
:103FA000A9684FEA4A2AC5E90E69B24574EB0903CC
:103FB0001BD300242964002C7FF44AAFC6F3080306
:103FC000002B92D0039C2046FEF76CF808B3760ACB
:103FD0000123414646EAC95682196A64607802F0B4
:103FE000C1FE041E18BF012432E72846FEF7C2FABC
:103FF000B6EB0A06014669F10009012803D9431C02
:10400000D3D10124D6E70224D4E7082420E70424EE
:104010001EE702241CE704461EE709241EE71124BC
:104020001CE700002DE9F04F994685B00023884633
:1040300003A90446C9F800301646FEF78DF8054678
:1040400080BB94F831506DBB94F8303013F001030D
:10405000009300F0A68004F1500AD4E90432D4E9B8
:104060000E011B1A62EB0102B34272F1000238BF6B
:104070001E46BEB1D4E90E10C1F30803002B40F078
:104080008280039B5A894B0A013A43EAC0531A4083
:104090001BD151EA000309D1A06801280DD80225DF
:1040A00084F83150284605B0BDE8F08F216C2046D9
:1040B0000192FEF75FFA019AEFE7431C04D1012356
:1040C000009D84F83130EDE72064DDF80CB0216C00
:1040D0005846FDF7E7FF0028E1D0B6F5007F02EB78
:1040E000000731D3BBF80A1002EB5620730A88424E
:1040F0009BF8010088BF8B1A3A464146019302F0B3
:1041000031FE0028DBD194F93020019B002A0BDA24
:10411000606CC01B984207D24FF40072514608EB06
:104120004020FDF727FE019B5F02D9F80030F61B07
:10413000B8443B44C9F80030D4E90E32DB1942F1EF
:104140000002C4E90E3294E7626CBA421AD094F9C4
:104150003030002B0DDA012351469BF8010002F0AC
:1041600025FE0028ABD194F8303003F07F0384F8AB
:104170003030039801233A465146407802F0F2FD70
:1041800000289CD16764A16B4046C1F30801C1F5CA
:1041900000775144B74228BF37463A46FDF7EAFD5B
:1041A000C3E707257EE700002DE9F04F9B4685B069
:1041B00000230F4603A90446CBF800301646FDF74E
:1041C000CBFF054690BB94F831507DBB94F830305E
:1041D0009A0740F1CE80039B1B78042B03D0A36B7E
:1041E000F34228BFDE4304F15009CEB1D4E90E10EA
:1041F000C1F30803002B40F0A880039B5A894B0AA7
:10420000013A43EAC0531340019323D151EA00031A
:1042100010D1A06880B901462046FEF72FFE58B99C
:1042200094F8303043F0400384F83030284605B02D
:10423000BDE8F08F216CEFE7012803D1022584F857
:104240003150F3E7431C01D10125F8E7A36820644E
:1042500003B9A06094F93030002B0EDA03980123E3
:10426000626C4946407802F0A1FD0028ECD194F838
:10427000303003F07F0384F83030DDF80CA0216C7F
:104280005046FDF70FFF0028D8D0019BB6F5007F00
:1042900003EB000843D30199730ABAF80A2001EB33
:1042A00056219AF801009142394684BF019BD31AE6
:1042B0004246019302F07AFD0028C5D1616C019B52
:1042C000A1EB080199420DD24FF4007207EB412196
:1042D0004846FDF74FFD94F83020019B02F07F0225
:1042E00084F830204FEA4328DBF80030A6EB0806BC
:1042F00047444344CBF80030D4E90E32D4E90401FA
:1043000018EB030342F10002984271EB020C3CBF30
:1043100018461146C4E90E32C4E9040165E7636C2E
:10432000434510D021696369D4E90E208A4270EBBD
:10433000030308D20123424649469AF8010002F0DD
:1043400011FD002880D1C4F84480A06B3946C0F329
:104350000800C0F500784844B04528BFB046424642
:10436000FDF708FD94F8303063F07F0384F83030B7
:10437000BAE707255AE70000F0B597B0054601A94E
:10438000FDF7EAFE044690BB95F8303013F0400488
:104390002DD01B0610D5019801236A6C05F1500140
:1043A000407802F003FD002840F0998095F8303005
:1043B00003F07F0385F8303003F09EF9074601983B
:1043C0000378042B62D12846FEF7CEFA044670B972
:1043D0004FF0FF32296C2846FEF730FA044630B918
:1043E0004FF48C6003F04EF9064618B911242046AC
:1043F00017B0F0BD019B00F500722946D86002A8F5
:104400001A61FEF75DFF044600283BD1019B196944
:104410000A7942F020020A71EA79196942F0010230
:1044200081F821201869A9683430FDF723FE019B2B
:104430001869D5E904233830FDF724FE019B18697B
:10444000D5E904232830FDF71DFE019B3946186984
:104450000C30FDF70FFE019B02A81A6954751B6909
:104460001C745C749C74DC74FEF744FF044648B909
:104470000198FEF7E7FA95F83030044623F0400340
:1044800085F83030304603F00DF9B0E7A96CFDF740
:10449000B9FF04460028AAD1EE6CF37A314643F006
:1044A0002003F372AA682868FDF708FE296906F15F
:1044B0001C00FDF7DFFD394606F11600FDF7DAFDB9
:1044C00001230198B474F474C370FEF7BBFA95F835
:1044D0003030044623F0400385F8303087E701246C
:1044E00085E7000013B50446FFF746FF28B901A988
:1044F0002046FDF731FE00B9206002B010BD00007B
:104500002DE9F04F85B0044615461F4603A9FDF777
:1045100023FE0646002840F0C88094F83160002E43
:1045200040F0C380039B1B78042B56D003990B7873
:10453000042B5CD1D4E90402A84272EB070307D232
:1045400094F8303003F00203002B04BF05461746F1
:104550004FF000084FF0000955EA0700D4E90E3289
:10456000C4E90E894DD10025D4E90E32D4E9040105
:10457000984291413CBFC4E9043294F83020C3F31F
:1045800008033CBF42F0400284F83020002B00F0CA
:104590008C80626CAA4200F0888094F9303004F17B
:1045A0005001002B0EDA039801230191407802F0AC
:1045B000FDFB00287FD194F83030019903F07F0390
:1045C00084F83030039801232A46407802F0CAFB71
:1045D000064600286FD1656467E04FF0FF32216C1A
:1045E0002046FEF72BF90028A0D006465DE04FF0EC
:1045F000FF320023AA4273EB07003CBF15461F465B
:1046000098E7B1F80A8053EA02014FEA482841D0FE
:1046100013F1FF394FF0000342F1FF3A681E4246A2
:1046200067F10001FBF708FF00238B46019042462B
:1046300048465146FBF700FF019B83427BEB010399
:1046400028D3C8F10002216C02EA0902AD1A67EB17
:104650000A07C4E90E2A002985D04FF00009A845B1
:1046600079EB0702D4E90E302AD3D4E90E325B1974
:1046700047EB0202C4E90E32C5F30803002B3FF4F6
:1046800072AF0398FDF70EFD60B16D0A45EAC7559C
:10469000054469E7A16889B92046FEF7EFFB0128C8
:1046A000014606D1022684F83160304605B0BDE8E7
:1046B000F08F421C01D10126F5E7A0602164CAE712
:1046C000B5EB080594F830E067F1000718EB030339
:1046D00040F100001EF0020FC4E90E3014D06269F0
:1046E000019222699A42019A82413EBF4EF0400EE9
:1046F000C4E9043084F830E02046FEF7BFFB0146F1
:1047000030B905460746B0E72046FDF733FF0146BE
:104710004B1CD0D00129C5D9039BDB6A8B42C1D980
:1047200021649CE770B596B00E460022019002A964
:1047300001A8FEF7D3F90446E0B94FF48C6002F00B
:10474000A1FF0546D8B1029B00F500720199D8601F
:1047500002A81A61FFF72EF9044640B99DF95330BB
:10476000002B0ADB1EB1314602A8FDF72BFD2846BF
:1047700002F098FF204616B070BD0624F7E711241A
:10478000F8E7000070B5B8B00222019003A901A8B3
:10479000FEF7A4F9044608BB039B4FF48C6010930A
:1047A00002F070FF0546002866D0039B00F50072FA
:1047B0000199D86010A81A61FFF7FCF8044650B9B7
:1047C0009DF88B30980655D4190653D49DF8463081
:1047D000DA0706D50724284602F064FF204638B0E1
:1047E00070BD039B04931878042814D104A9186998
:1047F000FFF7C2F8069E9DF84630DB0610D410A8DD
:10480000FEF7B4FC04460028E5D156BB0398FEF73A
:1048100019F90446DFE71F99FFF7C4F80646EAE7EF
:10482000039BDA69B242D5D024930021269624A8AE
:104830001B78042B01BFDDE90823CDE928239DF86F
:1048400017308DF89730FDF72DFF04460028C2D1B0
:1048500024A8FEF77FFD04460028BBD00428BAD167
:10486000CDE70246314604A8FEF700F804460028CA
:10487000B1D1CBE70624AEE71124AFE7F0B5BDB068
:10488000CDE900106846FDF74DFC022203A901A8FE
:10489000FEF724F90446002841D1039B4FF48C60B5
:1048A000149302F0EFFE0546002800F0EE80039B13
:1048B00000F5007214AE0199D8601A613046FFF716
:1048C00079F8044640BB9DF89B3013F0A00F40F0F0
:1048D000D880039B009F1A78042A68D11B6904AC16
:1048E00003F1400C1868083353F8041C2246634552
:1048F00003C21446F6D15022314628A8FDF73AFAF1
:10490000394628A8FFF756F8044600284CD12A9AC1
:10491000169B9A4206D00824284602F0C3FE204681
:104920003DB0F0BD349A209B9A42F4D128A8FEF7FE
:1049300071FE04460028EFD1039B04AF1B6993F876
:1049400001E093F823C09C8C3A46083303CAB24274
:1049500043F8080C43F8041C1746F5D1039B28A81C
:104960001B6983F801E0039B1A6982F823C01A6966
:1049700082F82440240A82F825401A691379D9065E
:104980005CBF43F020031371FEF7B4FC044600281B
:10499000C2D13046FEF7EAFB04460028BCD103989A
:1049A000FEF750F80446B7E70428B5D1BEE7239ACE
:1049B00004AB02F1200C1068083252F8041C1C46AB
:1049C000624503C42346F6D15022314628A8FDF79C
:1049D000D1F9394628A8FEF7EDFF044600284CD14E
:1049E0002A9A169B9A4296D1349A209B9A4292D147
:1049F00028A8FEF70FFE044600288DD137990DF147
:104A00001D030DF12D0001F10D0253F8044B8342FB
:104A100042F8044BF9D11888012710809B789370D5
:104A20009DF81B30039CDA0658BF43F02003CB727D
:104A3000E770CB7ADB06ACD5169A2A9B9A42A8D0AF
:104A40002078FEF7AFFF01462046FDF72BFB01461D
:104A5000C8B12046FDF7D6FC044600287FF45CAFC1
:104A6000039890F86D302E2B93D12A9A00F16C01A7
:104A7000FDF724FB039BDF708BE704287FF44CAF2A
:104A8000B6E7062448E7022446E7112447E700007A
:104A90007F2810B501D880B210BDB0F5803F13D289
:104AA00040F2523399420FD10849002231F8024BAB
:104AB00093B2844203D103F18000C0B2ECE701322B
:104AC000802AF3D11346F6E70020E5E7E09B0008D3
:104AD0007F280DD940F25233994208D1FF2806D8D9
:104AE00000F10040034B803833F81000704700207D
:104AF000704700BFE09B0008B0F5803FF0B522D2C0
:104B00001F4A83B21F49B0F5805F28BF0A46141DB3
:104B100034F8042C2146AAB1934213D334F8025C32
:104B20002E0AEFB252FA85F5A84222DA082E09D8E9
:104B3000DFE806F0050A10121416181A1C00801A75
:104B400034F810301846F0BD981A00F001001B1A16
:104B50009BB2F7E7103BFBE7203BF9E7303BF7E779
:104B60001A3BF5E70833F3E7503BF1E7A3F5E353CE
:104B7000EEE70434002ECBD101EB4702C7E700BFBC
:104B800030990008249B0008F0B500F10B0423467F
:104B90000D46B1FBF2F102FB115707F13006392E39
:104BA000C8BF07F13706954203F8016DF0D2421EE7
:104BB000E11A13F8015B9C4202F8015FF9D1084445
:104BC000F0BD00002DE9F04F804687B015464FF04C
:104BD00000090C4614F8013B002B3BD0252B08D0D4
:104BE000D8F800201946404609F10109D2689047DB
:104BF00049E14B782D2B06BF8C1C01230023019328
:104C000023782B2B06BF01340127002794F800A03E
:104C1000BAF1300F0CBF01344FF0200A23782A2B51
:104C20001CD16178023455F804BB2E2943D1217878
:104C300081B12A2921D0661C0020A1F1300234461E
:104C4000D2B2092A1DD80A2316F8011B03FB002043
:104C50000029F2D1484607B0BDE8F08F4FF0000BB5
:104C600014F8011B0029F5D0A1F13002D2B2092AB3
:104C7000DBD80A2303FB0B2BF2E76178023455F8EB
:104C8000040B01F0DF024C2A17D121780029E1D072
:104C9000782904F101041FD8622900F20081582903
:104CA0001AD84E2900F23081442900F09180492918
:104CB00000F08E8010E00020E3E7A1F141027829A6
:104CC000D2B209D862290BD8582905D84E293BD829
:104CD000442978D0492976D02E468DF80C1056E01C
:104CE000A1F16306152EF7D80FF2040C5CF826F03C
:104CF000814D0008C74D0008D94C0008D94C000868
:104D0000D94C0008D94C0008C74D0008D94C000800
:104D1000D94C0008D94C0008D94C0008D94C0008DF
:104D2000574E0008454F0008D94C0008D94C0008E0
:104D3000974D0008D94C0008414F0008D94C000895
:104D4000D94C0008454F0008A1F14F02092AC3D8E9
:104D500001A050F822F000BF574E0008454F000850
:104D6000D94C0008D94C0008D94C0008D94C00088F
:104D7000414F0008D94C0008D94C0008454F0008A5
:104D80002E464FF0200A56F8042B8DF80C2003AD68
:104D90000DF10D002BE02E4647F6FF726A4B56F8D8
:104DA000045B002808BF1046002D08BF1D462A4698
:104DB0002F18104612F8011B11B1B91A0029F8DAA0
:104DC0004FF0200A13E02E46192A56F8041B02D889
:104DD0002E4656F8041B002936DA2D2249428DF85A
:104DE0000C200DF10D000A2203ADFFF7CDFE471B8D
:104DF0000199ABEB070323EAE372002945D1002BAD
:104E0000C2F1000B1EDD29782D2901D02B290DD1EF
:104E1000BAF1300F0AD1D8F800304046019209F1BA
:104E20000109DB68013F98470135019AD8F8003045
:104E3000514640460192DB6898471BF1010B019AED
:104E4000F4D191443B4615E01FB12B228DF80C2084
:104E5000C7E703A8C7E708222E4603A856F8041B95
:104E6000C2E7D8F80020404615F8011BD26801932C
:104E70009047019B013BF4D5002FA8BFB9445D4684
:104E80002DB9D94435462146A3E69346DAE7D8F84A
:104E9000003051464046013DDB689847F0E7A1F1FC
:104EA0006302152A3FF618AF01A353F822F000BFA2
:104EB000814D0008D14D0008D94C0008D94C00089C
:104EC000D94C0008D94C0008D14D0008D94C000835
:104ED000D94C0008D94C0008D94C0008D94C00081E
:104EE000574E0008454F0008D94C0008D94C00081F
:104EF000974D0008D94C0008414F0008D94C0008D4
:104F0000D94C0008454F0008A1F14F02092A3FF68D
:104F1000E3AE01A353F822F0574E0008454F0008B6
:104F2000D94C0008D94C0008D94C0008D94C0008CD
:104F3000414F0008D94C0008D94C0008454F0008E3
:104F40000A2289E7102287E7E09C0008F0B50546B1
:104F500087B016461F460C4689B14A1E00232946D3
:104F600001A800F05FF83A46314601A8FFF72AFE93
:104F7000049BA3423CBF0022EA5407B0F0BD0A469E
:104F8000ECE70000D0E902239A421FBF4268D154E7
:104F9000C36801331ABFC36000206FF0010070477F
:104FA000D0E903239A421FBF4268D25C01330361F8
:104FB00014BF10466FF001007047000003692BB169
:104FC000013B426803610020D15470476FF001003B
:104FD0007047000038B504460846D4E903315B1A2F
:104FE000934228BF13461D4663682A461944FCF7BE
:104FF000C1FE236928462B44236138BD38B50446D9
:10500000D0E902301B1A934228BF13461D4663683D
:105010002A461844FCF7AEFEE36828462B44E360BA
:1050200038BD000010B5C0E90223034C0023C0E9DD
:105030000041036110BD00BFE89C000808B5074BA4
:10504000074A196801F03D01996053680BB19068F7
:105050009847BDE8084002F045BD00BF000002408F
:105060007C36002008B5084B1968890901F03D011C
:105070008A019A60054AD3680BB110699847BDE868
:10508000084002F02FBD00BF000002407C36002027
:1050900008B5084B1968090C01F03D010A049A6033
:1050A000054A53690BB190699847BDE8084002F082
:1050B00019BD00BF000002407C36002008B5084B37
:1050C0001968890D01F03D018A059A60054AD36986
:1050D0000BB1106A9847BDE8084002F003BD00BF5D
:1050E000000002407C36002008B5074B074A59688B
:1050F00001F03D01D960536A0BB1906A9847BDE851
:10510000084002F0EFBC00BF000002407C360020E7
:1051100008B5084B5968890901F03D018A01DA6038
:10512000054AD36A0BB1106B9847BDE8084002F0FE
:10513000D9BC00BF000002407C36002008B5084BF7
:105140005968090C01F03D010A04DA60054A536B05
:105150000BB1906B9847BDE8084002F0C3BC00BF9C
:10516000000002407C36002008B5084B5968890DC4
:1051700001F03D018A05DA60054AD36B0BB1106C72
:105180009847BDE8084002F0ADBC00BF00000240F7
:105190007C36002008B5074B074A196801F03D012D
:1051A0009960536C0BB1906C9847BDE8084002F0D1
:1051B00099BC00BF000402407C36002008B5084BB3
:1051C0001968890901F03D018A019A60054AD36C8A
:1051D0000BB1106D9847BDE8084002F083BC00BFDA
:1051E000000402407C36002008B5084B1968090C01
:1051F00001F03D010A049A60054A536D0BB1906DB0
:105200009847BDE8084002F06DBC00BF00040240B2
:105210007C36002008B5084B1968890D01F03D0166
:105220008A059A60054AD36D0BB1106E9847BDE8A8
:10523000084002F057BC00BF000402407C3600204A
:1052400008B5074B074A596801F03D01D960536E14
:105250000BB1906E9847BDE8084002F043BC00BF18
:10526000000402407C36002008B5084B59688909C3
:1052700001F03D018A01DA60054AD36E0BB1106F6F
:105280009847BDE8084002F02DBC00BF0004024072
:105290007C36002008B5084B5968090C01F03D0127
:1052A0000A04DA60054A536F0BB1906F9847BDE866
:1052B000084002F017BC00BF000402407C3600200A
:1052C00008B5084B5968890D01F03D018A05DA607F
:1052D000054AD36F13B1D2F880009847BDE8084063
:1052E00002F000BC000402407C36002000230C4980
:1052F00010B51A460B4C0B6054F82300026001EB0A
:10530000430004334260402BF6D1074A4FF0FF338D
:105310009360D360C2F80834C2F80C3410BD00BFEB
:105320007C360020009D0008000002400F28F8B5E0
:1053300010D9102810D0112811D0122808D10F240C
:105340000720DFF8C8E00126DEF80050A04208D9A7
:10535000002653E00446F4E70F240020F1E7072479
:10536000FBE706FA00F73D424AD1264C4FEA001C03
:105370003D4304EB00160EEBC000CEF80050C0E930
:105380000123FBB273B12048D0F8D83043F00103B9
:10539000C0F8D830D0F8003143F00103C0F8003134
:1053A000D0F8003117F47F4F0ED01748D0F8D8301E
:1053B00043F00203C0F8D830D0F8003143F00203C4
:1053C000C0F80031D0F8003154F80C00036823F025
:1053D0001F030360056815F00105FBD104EB0C0306
:1053E0003D2493F80CC05F6804FA0CF43C6021245F
:1053F0000560446112B1987B00F054FB3046F8BD63
:105400000130A3E7009D0008004402587C360020CC
:1054100010B5302484F31188FFF788FF002383F34D
:10542000118810BD10B50446807B00F051FB0123AC
:105430001549627B03FA02F20B6823EA0203DAB22F
:105440000B6072B9114AD2F8D81021F00101C2F8EC
:10545000D810D2F8001121F00101C2F80011D2F8E1
:10546000002113F47F4F0ED1084BD3F8D82022F03F
:105470000202C3F8D820D3F8002122F00202C3F8B8
:105480000021D3F8003110BD7C36002000440258C2
:1054900008B5302383F31188FFF7C4FF002383F39B
:1054A000118808BD084BC26A994228BF1946836C0F
:1054B00050688B4210B506D95A1E4C0002EB4103CE
:1054C000B3FBF4F3184410BD20BCBE0001F001038F
:1054D0008A0748BF43F002034A0748BF43F0080366
:1054E0000A0748BF43F00403CA0648BF43F010034D
:1054F0008A06426B48BF43F020031343436370475F
:1055000010B5074C204600F0F3FC064B0022C4E91E
:105510001023054BA364054BE363054BE36410BD07
:10552000003700200070005200B4C404543700203B
:1055300054390020C36A0BB9104BC3620379012BA5
:1055400011D10F4B98420ED10E4BD3F8D42042F418
:105550008032C3F8D420D3F8FC2042F48032C3F860
:10556000FC20D3F8FC30436C00221A65DA621A6022
:105570005A605A624FF0FF329A637047009E0008EB
:1055800000370020004402580379012B1BD0436CE4
:1055900000221A65DA621A605A605A624FF0FF32CE
:1055A0009A63094B98420ED1084BD3F8D42022F4C9
:1055B0008032C3F8D420D3F8FC2022F48032C3F820
:1055C000FC20D3F8FC30704700370020004402581C
:1055D00010B5446C0649FFF765FF6060236842F22E
:1055E000107043F003032360BDE8104001F01CBAC3
:1055F000801A06000129F8B5466C0B4F09D1756871
:105600000A493D40FFF74EFF054345F4805575605C
:10561000F8BD746806493C40FFF744FF044344F476
:1056200080547460F4E700BF00ECFFFF80F0FA02E2
:1056300040787D01436C00225A601A607047000078
:10564000426C0129536823F4404304D0022905D059
:1056500001B95360704743F48043FAE743F40043D1
:10566000F7E70000436C41F480519A60D9605A6BAF
:105670001206FCD580229A637047000010B541F4F1
:105680008851446CA260E160616B11F04502FBD06F
:10569000A26311F0040203D0FFF718FF012010BD30
:1056A000616910461960FAE710B541F48851446CFD
:1056B000A260E160616B11F04502FBD0A26311F0C2
:1056C000050203D0FFF702FF012010BD61691046FB
:1056D0001960FAE773B5134604460E46302282F38A
:1056E0001188426CD26B32B14FF0FF3140300193E0
:1056F00001F0A6F9019B606C00220265C263C262E0
:10570000456B15F4807504D185F31188012002B032
:1057100070BD4FF0FF31816382F31188012E06D9ED
:105720000C21204602B0BDE87040FFF7BDBF104617
:10573000EDE7000073B5446C0E4600250192616BE5
:10574000A1632565E562FFF7C1FE012E07D9019B24
:105750002A460C2102B0BDE87040FFF7A5BF02B099
:1057600070BD000010B541F49851446CA260E16036
:10577000616B11F04502FBD0A26311F03F0203D030
:10578000FFF7A4FE012010BD216A10461960E169EF
:105790005960A16999606169D960F4E72DE9F7431F
:1057A00004460191006D01A91746984602F0C2F81F
:1057B000064600284AD0626C2046DDF80490556801
:1057C000C5F3090501356B00A56CB5FBF3F54FF486
:1057D0007A73B5FBF3F55D43556200F04FFB50BBA8
:1057E000636C4FF0FF3201254146C3F858902046C4
:1057F0001D659A634FF49572DA6342F207029F6265
:10580000DA62E36C0A9AFFF74FFFA0B9E26C104B23
:1058100011680B407BB929462046FFF75BFF054620
:1058200048B92E463A460199206D02F0BBF8304641
:1058300003B0BDE8F0833A460199206D02F0B2F85A
:10584000E26C01212046FFF775FFF0E70126EEE745
:1058500008E0FFFD2DE9F7431F46436C01924FF42A
:105860007A725D6804468846C5F3090501356E0005
:10587000856CB5FBF6F5B5FBF2F555435D6200F0BE
:10588000FDFA20B10125284603B0BDE8F0837E0271
:1058900001A9206D324602F04DF805460028F1D0EE
:1058A000636C019AD4F84C909A6501221A654FF006
:1058B000FF329A634FF49572DA639E62236BDB06C4
:1058C0004B4658BF4FEA4828012F42461BD91221A8
:1058D0002046FFF7E9FEC0B9D9F80020104B13406D
:1058E0009BB9636C42F2930239462046DA62E26C5D
:1058F000FFF7F0FE804640B932460199206D4546DB
:1059000002F050F8BFE71121E2E732460199206D1D
:1059100002F048F8E26C39462046FFF70BFFB2E789
:1059200008E0FFFD2DE9F3411F46436C01924FF45F
:105930007A725D6804468846C5F3090501356E0034
:10594000856CB5FBF6F5B5FBF2F555435D6200F0ED
:1059500095FA20B10125284602B0BDE8F0817E020B
:1059600001A9206D324602F02BF805460028F1D03F
:10597000636C019A9A6501221A654FF0FF329A63AF
:105980004FF48D72DA639E62236BE66CDB0633465E
:1059900058BF4FEA4828012F424619D919212046FD
:1059A000FFF782FEB0B932680F4B134093B9636CB6
:1059B00042F2910239462046DA62E26CFFF78AFE33
:1059C000064638B901993546206D02F035F8C2E730
:1059D0001821E4E70199206D02F02EF8E26C3946B7
:1059E0002046FFF7A7FEB6E708E0FFFD12F0030F21
:1059F0002DE9F04107460C4615461E4617D00E44C9
:105A0000B44202D10020BDE8F0810123FA6B2146A7
:105A10003846FFF71FFF0028F5D128464FF40072E3
:105A2000F96B05F500750134FCF7A4F9E8E7BDE86A
:105A3000F041FFF70FBF000012F0030F2DE9F04116
:105A400007460C4615461E4617D00E44B44202D1F6
:105A50000020BDE8F08129464FF40072F86B05F58F
:105A60000075FCF787F90123FA6B21463846FFF7EA
:105A700059FF0028EDD10134E8E7BDE8F041FFF718
:105A800051BF000000207047302310B583F3118808
:105A90000024436C40302146DC6300F0DFFF84F3D8
:105AA000118810BD090100F16043012203F5614333
:105AB000C9B283F8001300F01F039A4043099B000A
:105AC00003F1604303F56143C3F880211A60704716
:105AD00000F01F0301229A40430900F160409B003F
:105AE00000F5614003F1604303F56143C3F8802092
:105AF000C3F88021002380F8003370470379052B19
:105B000005BF836A002001204B6004BF4FF400737F
:105B10000B60704770B55D1E866A04460D44B54241
:105B200005D9436B43F080034363012070BD062514
:105B30000571FFF75BFF05232371F7E770B55D1E65
:105B4000866A04460D44B54205D9436B43F0800391
:105B50004363012070BD07250571FFF76DFF052325
:105B60002371F7E738B505790446052D05D10823DB
:105B70000371FFF787FF257138BD0120FCE70000A6
:105B80000323F0B5037185B00446FFF721FD002221
:105B900020461146FFF766FD4FF4D57203AB08218E
:105BA0002046FFF781FD0246B8B901232363039B1A
:105BB000C3F30323012B09D103AB37212046FFF7A1
:105BC00073FD18B9A44B039A1340ABB120460125CD
:105BD000FFF730FD0223237137E103AB00223721A9
:105BE0002046FFF761FD28B99B4A039B1A40002A13
:105BF00000F0A78002232363236B03F00F03022B23
:105C000040F0A9806425954E42F2107000F00CFF20
:105C100003AB324601212046FFF730FD0028D5D1E5
:105C2000039B002B80F293805A0003D5236B43F033
:105C300010032363002204F1080302212046FFF72A
:105C400091FD02460028C1D104F13803032120460A
:105C5000FFF72AFD0028B9D104F11805A26B09212C
:105C600020462B46FFF77EFD0028AFD102ABA26B8A
:105C700007212046FFF718FD06460028A6D1236B12
:105C800003F00F03022B40F08F807E227F212846F5
:105C900003F06AF9012840F28780E76B42F2107046
:105CA00000F0C2FE08234FF40072394620460096E9
:105CB000FFF774FD002889D1384603F0A3F9236B60
:105CC000A06203F00F03022B72D103AB644A0621DA
:105CD0002046FFF7E9FC002871D15F49039B19407A
:105CE000B1FA81F149092046FFF784FC02AB4FF479
:105CF000007210212046FFF7D7FC054600287FF4EC
:105D000065AF554E029B33427FF460AF236B13F0B7
:105D10000E0F03F00F0273D0022A7FF457AFE36A2D
:105D20001978012900F09480022900F0938000295D
:105D300000F089804B4F2046FFF782FC03AB3A46C8
:105D400076E0114620462263FFF78CFC54E7013DC4
:105D50007FF45AAF3AE7444D6426444A3E4F012B44
:105D600018BF154603AB002237212046FFF79CFCE5
:105D700000287FF42BAF039B3B427FF427AF03AB9C
:105D80002A4629212046FFF779FC00287FF41EAF20
:105D9000039B002BFFF648AF013E3FF417AF42F2E2
:105DA000107000F041FEDDE7284603F0FFF886E7BB
:105DB0007E227F212846E66B03F0D6F808B9002141
:105DC00091E7002340223146204600930623FFF747
:105DD000E5FC0028F3D1B3895BBA9B07EFD5244BD0
:105DE00040223146204600930623FFF7D7FC0028C7
:105DF000E5D1317C01F00F010F3918BF012172E7A5
:105E0000E36A1978F9B101297FF4E0AE2046FFF783
:105E100017FC03ABA26B37212046FFF745FC002897
:105E20007FF4D4AE039B33427FF4D0AE03AB0222A7
:105E300006212046FFF738FC00287FF4C7AE039BFD
:105E400033427FF4C3AE05232371284605B0F0BD6D
:105E5000084F70E7084F6EE708E0FFFD0080FFC0C5
:105E60000001B9030000B7030080FF50000010805C
:105E7000F1FFFF800001B7030002B70337B5044606
:105E80000C4D01ABA26B0D212046FFF70DFC78B93C
:105E9000019B2B420BD1C3F34323042B08D0053BBA
:105EA000022B04D84FF47A7000F0BEFDE9E7012020
:105EB00003B030BD08E0FFFD70B53023054683F325
:105EC000118803790024022B03D184F31188204622
:105ED00070BD0423037184F311880226FFF7CEFFFF
:105EE00004462846FFF7A6FB2E71F0E7FFF708BB34
:105EF000044B03600123037100234363C0E90A33A9
:105F0000704700BF089E000810B53023044683F395
:105F10001188C162FFF70EFB02230020237180F37A
:105F2000118810BD10B53023044683F31188FFF7A4
:105F30002BFB00230122E362227183F3118810BD41
:105F4000026843681143016003B1184770470000BD
:105F500013B5406B00F58054D4F8A4381A68117852
:105F6000042914D1017C022911D119790123128944
:105F70008B4013420BD101A94C3002F023FFD4F81F
:105F8000A4480246019B2179206800F0DFF902B0A5
:105F900010BD0000143002F0A5BE00004FF0FF332A
:105FA000143002F09FBE00004C3002F077BF0000BA
:105FB0004FF0FF334C3002F071BF0000143002F09C
:105FC00073BE00004FF0FF31143002F06DBE0000D0
:105FD0004C3002F043BF00004FF0FF324C3002F073
:105FE0003DBF00000020704710B500F58054D4F884
:105FF000A4381A681178042917D1017C022914D118
:106000005979012352898B4013420ED1143002F08A
:1060100005FE024648B1D4F8A4484FF440736179B4
:106020002068BDE8104000F07FB910BD406BFFF75D
:10603000DBBF0000704700007FB5124B012504262E
:10604000044603600023057400F18402436029467E
:10605000C0E902330C4B0290143001934FF44073AB
:10606000009602F0B7FD094B04F69442294604F16C
:106070004C000294CDE900634FF4407302F07EFEC1
:1060800004B070BD2C9E00082D600008515F000810
:106090000A68302383F311880B790B3342F823000D
:1060A0004B79133342F823008B7913B10B3342F849
:1060B000230000F58053C3F8A418022303740020C2
:1060C00080F311887047000038B5037F044613B190
:1060D00090F85430ABB90125201D0221FFF730FFA5
:1060E00004F114006FF00101257700F0DDFC04F1EC
:1060F0004C0084F854506FF00101BDE8384000F0C6
:10610000D3BC38BD10B5012104460430FFF718FF99
:106110000023237784F8543010BD000038B50446BE
:106120000025143002F06EFD04F14C00257702F0DA
:106130003DFE201D84F854500121FFF701FF204649
:10614000BDE83840FFF750BF90F8803003F060039F
:10615000202B06D190F881200023212A03D81F2A62
:1061600006D800207047222AFBD1C0E91D3303E086
:10617000034A426707228267C3670120704700BF56
:106180003422002037B500F58055D5F8A4381A68B8
:10619000117804291AD1017C022917D11979012318
:1061A00012898B40134211D100F14C04204602F0B9
:1061B000BDFE58B101A9204602F004FED5F8A4485E
:1061C0000246019B2179206800F0C0F803B030BD81
:1061D00001F10B03F0B550F8236085B004460D467D
:1061E000FEB1302383F3118804EB8507301D0821AD
:1061F000FFF7A6FEFB6806F14C005B691B681BB14C
:10620000019002F0EDFD019803A902F0DBFD0246CA
:1062100048B1039B2946204600F098F8002383F3F9
:10622000118805B0F0BDFB685A691268002AF5D0E4
:106230001B8A013B1340F1D104F18002EAE7000020
:10624000133138B550F82140ECB1302383F3118875
:1062500004F58053D3F8A4281368527903EB820322
:10626000DB689B695D6845B104216018FFF768FE33
:10627000294604F1140002F0DBFC2046FFF7B4FECF
:10628000002383F3118838BD7047000001F028BD5A
:1062900001234022002110B5044600F8303BFBF7F3
:1062A0008FFD0023C4E9013310BD000010B5302379
:1062B000044683F311882422416000210C30FBF74F
:1062C0007FFD204601F02EFD02230020237080F385
:1062D000118810BD70B500EB8103054650690E466C
:1062E0001446DA6018B110220021FBF769FDA0699D
:1062F00018B110220021FBF763FD31462846BDE8A6
:10630000704001F015BE000083682022002103F0D8
:10631000011310B5044683601030FBF751FD204691
:10632000BDE8104001F090BEF0B4012500EB8104FF
:1063300047898D40E4683D43A4694581236000237B
:10634000A2606360F0BC01F0ADBE0000F0B40125B6
:1063500000EB810407898D40E4683D436469058151
:1063600023600023A2606360F0BC01F023BF000043
:1063700070B5022300250446242203702946C0F884
:1063800088500C3040F8045CFBF71AFD204684F876
:10639000705001F061FD63681B6823B129462046F7
:1063A000BDE87040184770BD0378052B10B5044652
:1063B0000AD080F88C300523037043681B680BB14A
:1063C000042198470023A36010BD0000017805292F
:1063D00006D190F88C20436802701B6803B11847FF
:1063E0007047000070B590F87030044613B1002378
:1063F00080F8703004F18002204601F049FE6368A5
:106400009B68B3B994F8803013F0600535D0002153
:10641000204602F03BF90021204602F02BF9636888
:106420001B6813B1062120469847062384F8703074
:1064300070BD204698470028E4D0B4F88630A26F9B
:106440009A4288BFA36794F98030A56F002B4FF064
:10645000300380F20381002D00F0F280092284F8DD
:10646000702083F3118800212046D4E91D23FFF713
:106470006DFF002383F31188DAE794F8812003F09D
:106480007F0343EA022340F20232934200F0C580C8
:1064900021D8B3F5807F48D00DD8012B3FD0022BF7
:1064A00000F09380002BB2D104F1880262670222CF
:1064B000A267E367C1E7B3F5817F00F09B80B3F586
:1064C000407FA4D194F88230012BA0D1B4F8883059
:1064D00043F0020332E0B3F5006F4DD017D8B3F5A7
:1064E000A06F31D0A3F5C063012B90D8636820461C
:1064F00094F882205E6894F88310B4F88430B04732
:10650000002884D0436863670368A3671AE0B3F583
:10651000106F36D040F6024293427FF478AF5C4B66
:1065200063670223A3670023C3E794F88230012B3B
:106530007FF46DAFB4F8883023F00203A4F88830FC
:10654000C4E91D55E56778E7B4F88030B3F5A06F6E
:106550000ED194F88230204684F88A3001F0DAFCBB
:1065600063681B6813B101212046984703232370F9
:106570000023C4E91D339CE704F18B036367012307
:10658000C3E72378042B10D1302383F311882046EE
:10659000FFF7BAFE85F311880321636884F88B50F6
:1065A00021701B680BB12046984794F88230002B6D
:1065B000DED084F88B300423237063681B68002BC3
:1065C000D6D0022120469847D2E794F8843020465E
:1065D0001D0603F00F010AD501F04CFD012804D07F
:1065E00002287FF414AF2B4B9AE72B4B98E701F06E
:1065F00033FDF3E794F88230002B7FF408AF94F872
:10660000843013F00F01B3D01A06204602D502F0F1
:1066100055F8ADE702F046F8AAE794F88230002B6F
:106620007FF4F5AE94F8843013F00F01A0D01B0670
:10663000204602D502F02AF89AE702F01BF897E705
:10664000142284F8702083F311882B462A462946A9
:106650002046FFF769FE85F31188E9E65DB1152252
:1066600084F8702083F3118800212046D4E91D238B
:10667000FFF75AFEFDE60B2284F8702083F31188A1
:106680002B462A4629462046FFF760FEE3E700BF77
:106690005C9E0008549E0008589E000838B590F88B
:1066A00070300446002B3ED0063BDAB20F2A34D8B5
:1066B0000F2B32D8DFE803F0373131082232313185
:1066C0003131313131313737856FB0F886309D4205
:1066D00014D2C3681B8AB5FBF3F203FB12556DB9E4
:1066E000302383F311882B462A462946FFF72EFED6
:1066F00085F311880A2384F870300EE0142384F89F
:106700007030302383F31188002320461A4619463F
:10671000FFF70AFE002383F3118838BDC36F03B16E
:1067200098470023E7E70021204601F0AFFF002152
:10673000204601F09FFF63681B6813B106212046C5
:1067400098470623D7E7000010B590F8703004464C
:10675000142B29D017D8062B05D001D81BB110BD9A
:10676000093B022BFBD80021204601F08FFF0021BE
:10677000204601F07FFF63681B6813B106212046A5
:106780009847062319E0152BE9D10B2380F87030C8
:10679000302383F3118800231A461946FFF7D6FDEC
:1067A000002383F31188DAE7C3689B695B68002BD9
:1067B000D5D1C36F03B19847002384F87030CEE77A
:1067C0000023826880F8243083691B6899689142AD
:1067D000FBD25A6803604260106058607047000046
:1067E0000023826880F8243083691B68996891428D
:1067F000FBD85A6803604260106058607047000020
:1068000008B50846302383F3118891F82430032B10
:1068100005D0042B0DD02BB983F3118808BD8B6AEA
:1068200000221A604FF0FF338362FFF7C9FF002395
:10683000F2E7D1E9003213605A60F3E7034610B57E
:106840001B68984203D09C688A689442F8D25A68C0
:106850000B604A601160596010BD0000FFF7B0BFC7
:10686000064BD96881F824001868026853601A60E2
:106870000122D86080F82420F9F7C4BD58390020DF
:106880000C4B30B5DD684B1C87B004460FD02B464F
:10689000094A684600F09CF92046FFF7E1FF009B9B
:1068A00013B1684600F09EF9A86A07B030BDFFF743
:1068B000D7FFF9E75839002001680008044B1A682F
:1068C000DB6890689B68984294BF00200120704765
:1068D00058390020094B10B51C68D86822685360ED
:1068E0001A600122DC6084F82420FFF779FF01465A
:1068F0002046BDE81040F9F785BD00BF583900209B
:10690000044B1A68DB6892689B689A4201D9FFF7CA
:10691000E1BF70475839002038B50123084C0025E5
:106920002370656002F09CFB02F0C2FB054906483B
:1069300002F098FC0223237085F3118838BD00BF54
:10694000003C0020649E00085839002000F080B907
:10695000034A516853685B1A9842FBD8704700BFDE
:10696000001000E08B604B630023CA6100F1280235
:106970000B6302230A618B840123886181F826302E
:1069800001F11003C26A4A611360C36201F12C0372
:106990000846CB6270470000D0E90131026841F837
:1069A000183CA1F19C033839CB60036941F8243CC1
:1069B000436941F8203C034B41F8043CC36802485A
:1069C000FFF7D0BF1D0400085839002008B5FFF7B5
:1069D000E3FFBDE80840FFF741BF000038B50E4BAC
:1069E000DC6804F12C05A062E06AA8420FD194F89B
:1069F00026303BB994F825309B0702BFD4E9043216
:106A000013605A600F20BDE83840FFF729BF0368C4
:106A1000E362FFF723FFE7E758390020302383F3D1
:106A20001188FFF7DBBF000008B50146302383F370
:106A300011880820FFF724FF002383F3118808BD85
:106A4000054BDB6821B1036098620320FFF718BF94
:106A50004FF0FF30704700BF5839002003682BB15A
:106A60000022026018469962FFF7F8BE70470000E6
:106A7000064BDB6839B1426818605A6013604360A6
:106A80000420FFF7FDBE4FF0FF307047583900205B
:106A90000368984206D01A680260506018469962EE
:106AA000FFF7DCBE7047000038B504460D4620688D
:106AB000844200D138BD036823605C608562FFF7C3
:106AC000CDFEF4E7036810B59C68A2420CD85C6860
:106AD0008A600B604C602160596099688A1A9A60DC
:106AE0004FF0FF33836010BD121B1B68ECE7000002
:106AF0000A2938BF0A2170B504460D460A266019D6
:106B000002F0A8FA02F090FA041BA54203D8751C03
:106B100004462E46F3E70A2E04D90120BDE8704052
:106B200002F068BC70BD0000F8B5144B0D460A2A8F
:106B30004FF00A07D96103F11001826038BF0A22C1
:106B4000416019691446016048601861A81802F094
:106B500071FA02F069FA431B0646A34206D37C1C75
:106B600028192746354602F075FAF2E70A2F04D9AC
:106B70000120BDE8F84002F03DBCF8BD58390020C6
:106B8000F8B506460D4602F04FFA0F4A134653F881
:106B9000107F9F4206D12A4601463046BDE8F840A4
:106BA000FFF7C2BFD169BB68441A2C1928BF2C4615
:106BB000A34202D92946FFF79BFF224631460348EC
:106BC000BDE8F840FFF77EBF583900206839002043
:106BD000C0E90323002310B45DF8044B4361FFF7C1
:106BE000CFBF000010B5194C236998420DD08168C1
:106BF000D0E9003213605A609A680A449A60002310
:106C000003604FF0FF33A36110BD0268234643F8D1
:106C1000102F53600022026022699A4203D1BDE81E
:106C2000104002F011BA936881680B44936002F03F
:106C3000FBF92269E1699268441AA242E4D911443D
:106C4000BDE81040091AFFF753BF00BF58390020B4
:106C50002DE9F047DFF8BC8008F110072C4ED8F87A
:106C6000105002F0E1F9D8F81C40AA68031B9A42C0
:106C70003ED814444FF00009D5E90032C8F81C4052
:106C800013605A60C5F80090D8F81030B34201D1B3
:106C900002F0DAF989F31188D5E9033128469847DB
:106CA000302383F311886B69002BD8D002F0BCF934
:106CB0006A69A0EB040982464A450DD2022002F01F
:106CC00099FB0022D8F81030B34208D1514628462B
:106CD000BDE8F047FFF728BF121A2244F2E712EB93
:106CE00009092946384638BF4A46FFF7EBFEB5E7A3
:106CF000D8F81030B34208D01444C8F81C00211A48
:106D0000A960BDE8F047FFF7F3BEBDE8F08700BF1C
:106D1000683900205839002038B502F085F9054A55
:106D2000D2E90845031B181945F10001C2E9080121
:106D300038BD00BF5839002010B560B90748047944
:106D40000368053C9B6818BF0124984708B144F0CC
:106D50000404204610BD0124FBE700BF00370020DB
:106D6000FFF7EABF2DE9F047884617469A460446E2
:106D7000B0B90D4E3579052D05D003240DE0013D48
:106D800015F0FF050ED03268534639463046D2F82A
:106D900014904246C8470028F1D12046BDE8F0874C
:106DA0000424FAE70124F8E7003700202DE9F04732
:106DB000884617469A460446B0B90D4E3579052DDA
:106DC00005D003240DE0013D15F0FF050ED032681B
:106DD000534639463046D2F818904246C8470028F4
:106DE000F1D12046BDE8F0870424FAE70124F8E752
:106DF0000037002037B50C46154670B951B101294E
:106E00000BD10748694603681B6A984710B9019B74
:106E100004462B60204603B030BD0424FAE700BFCF
:106E20000037002000207047FEE700007047000098
:106E30004FF0FF30704700004B6843608B68836001
:106E4000CB68C3600B6943614B6903628B69436222
:106E50000B6803607047000008B53C4B40F2FF71BF
:106E60003B48D3F888200A43C3F88820D3F8882009
:106E700022F4FF6222F00702C3F88820D3F88820AA
:106E8000D3F8E0200A43C3F8E020D3F808210A43EE
:106E9000C3F808212F4AD3F808311146FFF7CCFF79
:106EA00000F5806002F11C01FFF7C6FF00F580606D
:106EB00002F13801FFF7C0FF00F5806002F15401D4
:106EC000FFF7BAFF00F5806002F17001FFF7B4FF31
:106ED00000F5806002F18C01FFF7AEFF00F58060E5
:106EE00002F1A801FFF7A8FF00F5806002F1C401DC
:106EF000FFF7A2FF00F5806002F1E001FFF79CFFC1
:106F000000F5806002F1FC01FFF796FF02F58C713D
:106F100000F58060FFF790FF01F068FC0E4BD3F89E
:106F2000902242F00102C3F89022D3F8942242F05A
:106F30000102C3F894220522C3F898204FF0605252
:106F4000C3F89C20054AC3F8A02008BD004402589D
:106F500000000258789E000800ED00E01F000803C2
:106F600008B501F025FEFFF7D7FC104BD3F8DC2065
:106F700042F04002C3F8DC20D3F8042122F04002A2
:106F8000C3F80421D3F80431094B1A6842F008020F
:106F90001A601A6842F004021A6000F055FD00F011
:106FA00035FBBDE8084000F0B5B800BF004402580A
:106FB0000018024801207047002070477047000009
:106FC00002290CD0032904D00129074818BF00204A
:106FD0007047032A05D8054800EBC20070470448F3
:106FE00070470020704700BF78A0000844220020AE
:106FF0002CA0000870B59AB005460846144601A9B1
:1070000000F0C2F801A8FAF7D3FE431C0022C6B272
:107010005B001046C5E9003423700323023404F8F2
:10702000013C01ABD1B202348E4201D81AB070BD1E
:1070300013F8011B013204F8010C04F8021CF1E7FB
:1070400008B5302383F311880348FFF79BF800232A
:1070500083F3118808BD00BF083C002090F8803001
:1070600003F01F02012A07D190F881200B2A03D1D7
:107070000023C0E91D3315E003F06003202B08D185
:10708000B0F884302BB990F88120212A03D81F2A28
:1070900004D8FFF759B8222AEBD0FAE7034A42672F
:1070A00007228267C3670120704700BF3B22002090
:1070B00007B5052917D8DFE801F0191603191920BB
:1070C000302383F31188104A01210190FFF702F960
:1070D000019802210D4AFFF7FDF80D48FFF71EF851
:1070E000002383F3118803B05DF804FB302383F39E
:1070F00011880748FEF7E8FFF2E7302383F3118891
:107100000348FEF7FFFFEBE7CC9F0008F09F000865
:10711000083C002038B50C4D0C4C2A460C4904F1B3
:107120000800FFF767FF05F1CA0204F110000949E2
:10713000FFF760FF05F5CA7204F118000649BDE8C3
:107140003840FFF757BF00BFE05400204422002022
:10715000AC9F0008B69F0008C19F000870B50446A8
:1071600008460D46FAF724FEC6B2204601340378DD
:107170000BB9184670BD32462946FAF705FE0028BD
:10718000F3D10120F6E700002DE9F84F05460C4643
:10719000FAF70EFE2C49C6B22846FFF7DFFF08B10A
:1071A0000236F6B229492846FFF7D8FF08B1103653
:1071B000F6B2632E0DD8DFF89080DFF89090244F60
:1071C000DFF894A0DFF894B02E7846B92670BDE8B9
:1071D000F88F29462046BDE8F84F02F01DBA252E4B
:1071E0002ED1072241462846FAF7CEFD70B9DBF8CA
:1071F00000300735093444F8093CDBF8043044F822
:10720000053C9BF8083004F8013CDDE708224946BC
:107210002846FAF7B9FD98B9A21C0E4B197802322C
:107220000909C95D02F8041C13F8011B01F00F01E4
:107230005345C95D02F8031CF0D118340835C3E783
:10724000013504F8016BBFE798A00008C19F000852
:10725000AAA0000800E8F11F0CE8F11FA0A0000898
:10726000BFF34F8F044B1A695107FCD1D3F810219B
:107270005207F8D1704700BF0020005208B50D4BEF
:107280001B78ABB9FFF7ECFF0B4BDA68D10704D5DD
:107290000A4A5A6002F188325A60D3F80C21D207A8
:1072A00006D5064AC3F8042102F18832C3F8042146
:1072B00008BD00BF3E570020002000522301674553
:1072C00008B5114B1B78F3B9104B1A69510703D558
:1072D000DA6842F04002DA60D3F81021520705D58F
:1072E000D3F80C2142F04002C3F80C21FFF7B8FF9D
:1072F000064BDA6842F00102DA60D3F80C2142F062
:107300000102C3F80C2108BD3E57002000200052A6
:107310000F289ABF00F580604004002070470000ED
:107320004FF4003070470000102070470F2808B558
:107330000BD8FFF7EDFF00F500330268013204D1EE
:1073400004308342F9D1012008BD0020FCE7000091
:107350000F2838B505463FD8FFF782FF1F4CFFF7CF
:107360008DFF4FF0FF3307286361C4F814311DD837
:107370002361FFF775FF030243F02403E360E36832
:1073800043F08003E36023695A07FCD42846FFF7E3
:1073900067FFFFF7BDFF4FF4003100F08FFA28467A
:1073A000FFF78EFFBDE83840FFF7C0BFC4F81031CB
:1073B000FFF756FFA0F108031B0243F02403C4F8B3
:1073C0000C31D4F80C3143F08003C4F80C31D4F8FC
:1073D00010315B07FBD4D9E7002038BD00200052F4
:1073E0002DE9F84F05460C46104645EA0203DE0635
:1073F00002D00020BDE8F88F20F01F00DFF8BCB0FD
:10740000DFF8BCA0FFF73AFF04EB0008444503D1C6
:107410000120FFF755FFEDE720222946204602F024
:107420007FF810B920352034F0E72B4605F1200213
:107430001F68791CDDD104339A42F9D105F17843F4
:107440001B481C4EB3F5801F1B4B38BF184603F179
:10745000F80332BFD946D1461E46FFF701FF076049
:10746000A5EB040C336804F11C0143F00203336004
:10747000231FD9F8007017F00507FAD153F8042F2D
:107480008B424CF80320F4D1BFF34F8FFFF7E8FE97
:107490004FF0FF332022214603602846336823F053
:1074A0000203336002F03CF80028BBD03846B0E756
:1074B000142100520C2000521420005210200052BF
:1074C0001021005210B5084C237828B11BB9FFF7E2
:1074D000D5FE0123237010BD002BFCD02070BDE829
:1074E0001040FFF7EDBE00BF3E5700202DE9F04FE2
:1074F0000D4685B0814658B111F00D0614BF20220B
:10750000082211F00803019304D0431E034269D0FE
:10751000002435E0002E37D009F11F0121F01F09AA
:107520004FF00108314F05F00403DFF8CCA005EA65
:10753000080BBBF1000F32D07869C0072FD408F1D7
:1075400001080C37B8F1060FF3D19EB9284D494612
:10755000A819019201F0CEFD0446002839D1203649
:10756000019AA02EF3D1494601F0C4FD044600283B
:107570002FD1019A49461F4801F0BCFD044660BB6B
:10758000204605B0BDE8F08F0029C9D10146284644
:10759000029201F0AFFD0446D8B9029AC0E713B1D8
:1075A00078694107CBD5AC0702D578698007C6D585
:1075B000019911B178690107C1D549460AEB481014
:1075C000CDE9022301F096FD0446DDE902230028FF
:1075D000B5D04A460021204601E04A460021FAF78C
:1075E000EFFBCDE70246002E96D199E7BCA000083C
:1075F0008057002040570020605700200021FFF7EF
:1076000075BF00000121FFF771BF000070B5144D78
:107610000124144E40F2FF3200210120FAF7D0FB82
:1076200006EB441001342A6955F80C1F01F04EFD99
:10763000062CF5D137254FF4C0542046FFF7E2FF62
:10764000014628B122460848BDE8704001F03EBD21
:10765000C4EBC404013D4FEAD404EED170BD00BFB9
:10766000BCA0000860570020405700200421FFF70D
:107670003DBF00004843FFF7C1BF000008B101F063
:10768000ABBD7047B0F5805F10B5044607D8FFF773
:10769000EDFF28B92046BDE81040FFF7AFBF00203E
:1076A00010BD0000FFF7EABF70B5AAB140EA0103C0
:1076B00013F01F030FD1094C0144A5686D0706D5CF
:1076C0002568A84203D366683544A94204D9033328
:1076D0000C34122BF1D10022104670BDBCA0000862
:1076E00008B501F08FFE034AD2E90032C01842EB20
:1076F000010108BD20580020434BD3E900232DE9A8
:10770000F34113437CD0FFF7EBFF404A00230027EF
:10771000F8F792FE06460D463D4A0023F8F78CFE28
:107720000023144630462946394AF8F785FE4FF4BF
:1077300061613C23ADF80170B4FBF1F5B4FBF3F6E5
:1077400001FB154103FB16464624B1FBF3F1314B17
:10775000F6B28DF8004098423CD84FF0640C4FF4DC
:10776000C87EA30704F26C7225D1B2FBFCF30CFBBC
:10777000132313BBB2FBFEF30EFB1322B2FA82F308
:107780005B0903F26D18621C8045D2B217D90FB1A4
:107790008DF800400022204C4FF00C0C17460CFBDB
:1077A0000343D4B2013213F804C084450CD8A0EBD3
:1077B0000C000127F5E70023E3E70123E1E7A0EB55
:1077C000080014460127CCE70FB18DF80140431C97
:1077D0008DF802309DF80100431C9DF800005038E0
:1077E000400640EA43509DF8023040EA034040EA38
:1077F000560040EAC52040EA411002B0BDE8F081E1
:107800004FF40410F9E700BF2058002040420F0059
:107810008051010090230B0004A100080244074B93
:10782000D2B210B5904200D110BD441C00B253F842
:10783000200041F8040BE0B2F4E700BF50400058CC
:107840000E4B30B51C6F240405D41C6F1C671C6FD5
:1078500044F400441C670A4C02442368D2B243F447
:1078600080732360074B904200D130BD441C51F817
:10787000045B00B243F82050E0B2F4E70044025841
:10788000004802585040005807B5012201A90020C5
:10789000FFF7C4FF019803B05DF804FB13B504467D
:1078A000FFF7F2FFA04205D0012201A900200194B8
:1078B000FFF7C6FF02B010BD704700000144BFF3E0
:1078C0004F8F064B884204D3BFF34F8FBFF36F8FA8
:1078D0007047C3F85C022030F4E700BF00ED00E021
:1078E0000144BFF34F8F064B884204D3BFF34F8F41
:1078F000BFF36F8F7047C3F870022030F4E700BF0A
:1079000000ED00E070B5054616460C46012010213A
:10791000FFF7B0FE286046733CB1204636B1FFF752
:10792000A5FE2B68186000B19C6070BDFFF76AFE71
:10793000F7E70000F8B50F461546044648B905F1CB
:107940001F010126386821F01F01FFF7B7FF3046FD
:10795000F8BD427B29463868FFF7A6FE0646002898
:10796000EDD13B686360A368AB4210D213B12068CD
:10797000FFF784FE637B28462BB1FFF777FE20607C
:1079800020B9A060E3E7FFF73DFEF8E7A5602068B7
:1079900005F11F01012621F01F013860FFF78EFF5E
:1079A0002673D4E710B5044640B10068884205D17B
:1079B000606808B1FAF7DEF90023237310BD0000F8
:1079C000F8B50F461446054648B904F11F010126D3
:1079D000386821F01F01FFF783FF3046F8BD427B76
:1079E00021463868FFF760FE06460028EDD1AB68F7
:1079F000A34210D213B12868FFF740FE6B7B2046EC
:107A00002BB1FFF733FE286020B9A860E5E7FFF748
:107A1000F9FDF8E7AC60396819B122462868FAF731
:107A2000A9F9286804F11F01012621F01F0138601F
:107A3000FFF756FF2E73D0E720B103688B4204BFD7
:107A40000023037370470000034B1A681AB9034AF6
:107A5000D2F8D0241A6070472858002000400258FD
:107A600008B5FFF7F1FF024B1868C0F3806008BD4E
:107A700028580020EFF30983054968334A6B22F048
:107A800001024A6383F30988002383F31188704756
:107A900000EF00E0302080F3118862B60D4B0E4AF3
:107AA000D96821F4E0610904090C0A430B49DA6042
:107AB000D3F8FC2042F08072C3F8FC20084AC2F8D8
:107AC000B01F116841F0010111602022DA7783F8BC
:107AD0002200704700ED00E00003FA0555CEACC56A
:107AE000001000E0302310B583F311880E4B5B6863
:107AF00013F4006314D0F1EE103AEFF309844FF061
:107B00008073683CE361094BDB6B236684F309886F
:107B1000FEF7D4FE10B1064BA36110BD054BFBE789
:107B200083F31188F9E700BF00ED00E000EF00E00B
:107B30002F0400083204000870B5BFF34F8FBFF365
:107B40006F8F1A4A0021C2F85012BFF34F8FBFF354
:107B50006F8F536943F400335361BFF34F8FBFF30B
:107B60006F8FC2F88410BFF34F8FD2F8803043F686
:107B7000E074C3F3C900C3F34E335B0103EA0406A8
:107B8000014646EA81750139C2F86052F9D2203BBC
:107B900013F1200FF2D1BFF34F8F536943F48033B9
:107BA0005361BFF34F8FBFF36F8F70BD00ED00E0E7
:107BB000FEE70000214B2248224A70B5904237D39D
:107BC000214BC11EDA1C121A22F003028B4238BF6D
:107BD00000220021FAF7F4F81C4A0023C2F884308E
:107BE000BFF34F8FD2F8803043F6E074C3F3C9007F
:107BF000C3F34E335B0103EA0406014646EA81758E
:107C00000139C2F86C52F9D2203B13F1200FF2D1A6
:107C1000BFF34F8FBFF36F8FBFF34F8FBFF36F8FE4
:107C20000023C2F85032BFF34F8FBFF36F8F70BD88
:107C300053F8041B40F8041BC0E700BF60A2000813
:107C40002C5A00202C5A00202C5A002000ED00E075
:107C5000074BD3F8D81021EA0001C3F8D810D3F8A5
:107C6000002122EA0002C3F80021D3F80031704756
:107C70000044025870B5D0E9244300224FF0FF358C
:107C80009E6804EB42135101D3F80009002805DA7D
:107C9000D3F8000940F08040C3F80009D3F8000B86
:107CA000002805DAD3F8000B40F08040C3F8000B41
:107CB000013263189642C3F80859C3F8085BE0D252
:107CC0004FF00113C4F81C3870BD0000890141F069
:107CD0002001016103699B06FCD41220FEF738BE27
:107CE00010B50A4C2046FEF7D3FA094BC4F8903081
:107CF000084BC4F89430084C2046FEF7C9FA074BED
:107D0000C4F89030064BC4F8943010BD2C580020B5
:107D10000000084040A10008C858002000000440AE
:107D20004CA1000870B503780546012B5CD1434B8C
:107D3000D0F89040984258D1414B0E216520D3F89D
:107D4000D82042F00062C3F8D820D3F8002142F0D6
:107D50000062C3F80021D3F80021D3F8802042F05C
:107D60000062C3F88020D3F8802022F00062C3F8BC
:107D70008020D3F88030FDF795FE324BE360324B24
:107D8000C4F800380023D5F89060C4F8003EC02342
:107D900023604FF40413A3633369002BFCDA01233F
:107DA0000C203361FEF7D4FD3369DB07FCD41220CD
:107DB000FEF7CEFD3369002BFCDA00262846A660CC
:107DC000FFF758FF6B68C4F81068DB68C4F81468E4
:107DD000C4F81C6883BB1D4BA3614FF0FF33636184
:107DE000A36843F00103A36070BD194B9842C9D149
:107DF000134B4FF08060D3F8D82042F00072C3F8E4
:107E0000D820D3F8002142F00072C3F80021D3F843
:107E10000021D3F8802042F00072C3F88020D3F80C
:107E2000802022F00072C3F88020D3F88030FFF762
:107E30000FFF0E214D209EE7064BCDE72C5800206A
:107E4000004402584014004003002002003C30C0AF
:107E5000C8580020083C30C0F8B5D0F8904005461E
:107E600000214FF000662046FFF730FFD5F8941050
:107E700000234FF001128F684FF0FF30C4F8343800
:107E8000C4F81C2804EB431201339F42C2F8006976
:107E9000C2F8006BC2F80809C2F8080BF2D20B68EE
:107EA000D5F89020C5F898306362102313611669E5
:107EB00016F01006FBD11220FEF74AFDD4F8003868
:107EC00023F4FE63C4F80038A36943F4402343F06D
:107ED0001003A3610923C4F81038C4F814380B4BFD
:107EE000EB604FF0C043C4F8103B094BC4F8003BB3
:107EF000C4F81069C4F80039D5F8983003F11002BD
:107F000043F48013C5F89820A362F8BD1CA10008B3
:107F100040800010D0F8902090F88A10D2F80038F5
:107F200023F4FE6343EA0113C2F8003870470000EF
:107F30002DE9F84300EB8103D0F890500C468046C1
:107F4000DA680FFA81F94801166806F00306731E15
:107F5000022B05EB41134FF0000194BFB604384EDD
:107F6000C3F8101B4FF0010104F1100398BF06F194
:107F7000805601FA03F3916998BF06F5004600297F
:107F80003AD0578A04F15801374349016F50D5F868
:107F90001C180B430021C5F81C382B180127C3F807
:107FA0001019A7405369611E9BB3138A928B9B08DB
:107FB000012A88BF5343D8F89820981842EA03430F
:107FC00001F140022146C8F89800284605EB8202DC
:107FD0005360FFF77BFE08EB8900C3681B8A43EA06
:107FE000845348341E4364012E51D5F81C381F4376
:107FF000C5F81C78BDE8F88305EB4917D7F8001BD6
:1080000021F40041C7F8001BD5F81C1821EA03032E
:10801000C0E704F13F030B4A2846214605EB8303E2
:108020005A60FFF753FE05EB4910D0F8003923F4EE
:108030000043C0F80039D5F81C3823EA0707D7E712
:108040000080001000040002D0F894201268C0F8EC
:108050009820FFF70FBE00005831D0F8903049014A
:108060005B5813F4004004D013F4001F0CBF02202F
:10807000012070474831D0F8903049015B5813F423
:10808000004004D013F4001F0CBF022001207047F1
:1080900000EB8101CB68196A0B6813604B68536071
:1080A0007047000000EB810330B5DD68AA691368F2
:1080B000D36019B9402B84BF402313606B8A1468C6
:1080C000D0F890201C4402EB4110013C09B2B4FBF3
:1080D000F3F46343033323F0030343EAC44343F05D
:1080E000C043C0F8103B2B6803F00303012B0ED1F3
:1080F000D2F8083802EB411013F4807FD0F8003B2F
:1081000014BF43F0805343F00053C0F8003B02EB30
:108110004112D2F8003B43F00443C2F8003B30BDAB
:108120002DE9F041D0F8906005460C4606EB41136E
:10813000D3F8087B3A07C3F8087B08D5D6F814387B
:108140001B0704D500EB8103DB685B689847FA07DF
:108150001FD5D6F81438DB071BD505EB8403D96887
:10816000CCB98B69488A5A68B2FBF0F600FB16223C
:108170008AB91868DA6890420DD2121AC3E900244D
:10818000302383F3118821462846FFF78BFF84F3C1
:108190001188BDE8F081012303FA04F26B8923EA18
:1081A00002036B81CB68002BF3D021462846BDE843
:1081B000F041184700EB81034A0170B5DD68D0F843
:1081C00090306C692668E66056BB1A444FF4002074
:1081D000C2F810092A6802F00302012A0AB20ED17D
:1081E000D3F8080803EB421410F4807FD4F8000998
:1081F00014BF40F0805040F00050C4F8000903EB79
:108200004212D2F8000940F00440C2F800090122ED
:10821000D3F8340802FA01F10143C3F8341870BDF1
:1082200019B9402E84BF4020206020681A442E8A4D
:108230008419013CB4FBF6F440EAC44040F000501D
:10824000C6E700002DE9F843D0F8906005460C46DB
:108250004F0106EB4113D3F8088918F0010FC3F85A
:1082600008891CD0D6F81038DB0718D500EB81033D
:10827000D3F80CC0DCF81430D3F800E0DA68964587
:1082800030D2A2EB0E024FF000091A60C3F804903E
:10829000302383F31188FFF78DFF89F3118818F0DD
:1082A000800F1DD0D6F834380126A640334217D0AF
:1082B00005EB84030134D5F89050D3F80CC0E4B238
:1082C0002F44DCF8142005EB0434D2F800E05168A8
:1082D000714514D3D5F8343823EA0606C5F8346856
:1082E000BDE8F883012303FA01F2038923EA0203BC
:1082F0000381DCF80830002BD1D09847CFE7AEEBF4
:108300000103BCF81000834228BF0346D7F81809C0
:1083100080B2B3EB800FE3D89068A0F1040959F85C
:10832000048FC4F80080A0EB09089844B8F1040F4A
:10833000F5D818440B4490605360C8E72DE9F84F16
:10834000D0F8905004466E69AB691E4016F4805810
:108350006E6103D0BDE8F84FFEF70AB8002E12DABE
:10836000D5F8003E9B0705D0D5F8003E23F0030367
:10837000C5F8003ED5F80438204623F00103C5F8BF
:108380000438FEF723F8370505D52046FFF772FCC1
:108390002046FEF709F8B0040CD5D5F8083813F0DC
:1083A000060FEB6823F470530CBF43F4105343F4EF
:1083B000A053EB6031071BD56368DB681BB9AB6961
:1083C00023F00803AB612378052B0CD1D5F8003ED0
:1083D0009A0705D0D5F8003E23F00303C5F8003E08
:1083E0002046FDF7F3FF6368DB680BB12046984732
:1083F000F30200F1BA80B70226D5D4F89090002796
:108400004FF0010A09EB4712D2F8003B03F4402376
:10841000B3F5802F11D1D2F8003B002B0DDA628921
:108420000AFA07F322EA0303638104EB8703DB689C
:10843000DB6813B13946204698470137D4F89430A9
:10844000FFB29B689F42DDD9F00619D5D4F89000A1
:10845000026AC2F30A1702F00F0302F4F012B2F537
:10846000802F00F0CA80B2F5402F09D104EB8303BE
:10847000002200F58050DB681B6A974240F0B08014
:108480003003D5F8185835D5E90303D50021204627
:10849000FFF746FEAA0303D501212046FFF740FE61
:1084A0006B0303D502212046FFF73AFE2F0303D5C5
:1084B00003212046FFF734FEE80203D504212046BD
:1084C000FFF72EFEA90203D505212046FFF728FE5F
:1084D0006A0203D506212046FFF722FE2B0203D5B0
:1084E00007212046FFF71CFEEF0103D50821204697
:1084F000FFF716FE700340F1A780E90703D50021BE
:108500002046FFF79FFEAA0703D501212046FFF76B
:1085100099FE6B0703D502212046FFF793FE2F0734
:1085200003D503212046FFF78DFEEE0603D5042177
:108530002046FFF787FEA80603D505212046FFF752
:1085400081FE690603D506212046FFF77BFE2A0639
:1085500003D507212046FFF775FEEB0574D52046AD
:108560000821BDE8F84FFFF76DBED4F890904FF0AA
:10857000000B4FF0010AD4F894305FFA8BF79B6838
:108580009F423FF638AF09EB4713D3F8002902F4B6
:108590004022B2F5802F20D1D3F80029002A1CDA1E
:1085A000D3F8002942F09042C3F80029D3F80029FB
:1085B000002AFBDB3946D4F89000FFF787FB2289BD
:1085C0000AFA07F322EA0303238104EB8703DB683B
:1085D0009B6813B13946204698470BF1010BCAE757
:1085E000910701D1D0F80080072A02F101029CBF57
:1085F00003F8018B4FEA18283FE704EB830300F5EB
:108600008050DA68D2F818C0DCF80820DCE9001CD9
:10861000A1EB0C0C00218F4208D1DB689B699A68A2
:108620003A449A605A683A445A6029E711F0030FB5
:1086300001D1D0F800808C4501F1010184BF02F81E
:10864000018B4FEA1828E6E7BDE8F88F08B5034824
:10865000FFF774FEBDE80840FFF744BA2C5800202D
:1086600008B50348FFF76AFEBDE80840FFF73ABACD
:10867000C8580020D0F8903003EB4111D1F8003BEE
:1086800043F40013C1F8003B70470000D0F890306D
:1086900003EB4111D1F8003943F40013C1F800395C
:1086A00070470000D0F8903003EB4111D1F8003B47
:1086B00023F40013C1F8003B70470000D0F890305D
:1086C00003EB4111D1F8003923F40013C1F800394C
:1086D00070470000064BD3F8DC200243C3F8DC20CF
:1086E000D3F804211043C3F80401D3F804317047D0
:1086F0000044025808B53C4B4FF0FF31D3F88020BE
:1087000062F00042C3F88020D3F8802002F00042DB
:10871000C3F88020D3F88020D3F88420C3F88410D5
:10872000D3F884200022C3F88420D3F88400D86FC3
:1087300040F0FF4040F4FF0040F4DF4040F07F0095
:10874000D867D86F20F0FF4020F4FF0020F4DF400E
:1087500020F07F00D867D86FD3F888006FEA4050C8
:108760006FEA5050C3F88800D3F88800C0F30A00BD
:10877000C3F88800D3F88800D3F89000C3F89010AD
:10878000D3F89000C3F89020D3F89000D3F8940069
:10879000C3F89410D3F89400C3F89420D3F894004D
:1087A000D3F89800C3F89810D3F89800C3F898202D
:1087B000D3F89800D3F88C00C3F88C10D3F88C0051
:1087C000C3F88C20D3F88C00D3F89C00C3F89C101D
:1087D000D3F89C10C3F89C20D3F89C30FCF786FD9E
:1087E000BDE8084000F0B8B90044025808B50122BD
:1087F000534BC3F80821534BD3F8F42042F0020244
:10880000C3F8F420D3F81C2142F00202C3F81C2163
:108810000222D3F81C314C4BDA605A689104FCD523
:108820004A4A1A6001229A60494ADA6000221A61B3
:108830004FF440429A61444B9A699204FCD51A68FD
:1088400042F480721A603F4B1A6F12F4407F04D0DA
:108850004FF480321A6700221A671A6842F0010248
:108860001A60384B1A685007FCD500221A611A6941
:1088700012F03802FBD1012119604FF0804159609C
:108880005A67344ADA62344A1A611A6842F480320A
:108890001A602C4B1A689103FCD51A6842F4805276
:1088A0001A601A689204FCD52C4A2D499A6200225B
:1088B0005A63196301F57C01DA6301F50E7199635E
:1088C0005A64284A1A64284ADA621A6842F0A8529E
:1088D0001A601C4B1A6802F02852B2F1285FF9D1D5
:1088E00048229A614FF48862DA6140221A621F4A74
:1088F000DA641F4A1A651F4A5A651F4A9A6532236D
:108900001E4A1360136803F00F03022BFAD10D4ABD
:10891000136943F003031361136903F03803182B41
:10892000FAD14FF00050FFF7D5FE4FF08040FFF72F
:10893000D1FE4FF00040BDE80840FFF7CBBE00BFBE
:1089400000800051004402580048025800C000F066
:10895000020000010000FF01008890082250500032
:108960003F0209012F0E04079D0BBF0120000020CC
:10897000000001100910E000000101100020005269
:108980004FF0B04208B5D2F8883003F00103C2F8C6
:10899000883023B1044A13680BB150689847BDE88A
:1089A0000840FFF79FB800BFA45900204FF0B04225
:1089B00008B5D2F8883003F00203C2F8883023B13A
:1089C000044A93680BB1D0689847BDE80840FFF7A8
:1089D00089B800BFA45900204FF0B04208B5D2F8C2
:1089E000883003F00403C2F8883023B1044A1369C5
:1089F0000BB150699847BDE80840FFF773B800BF56
:108A0000A45900204FF0B04208B5D2F8883003F0E6
:108A10000803C2F8883023B1044A93690BB1D069C6
:108A20009847BDE80840FFF75DB800BFA459002093
:108A30004FF0B04208B5D2F8883003F01003C2F806
:108A4000883023B1044A136A0BB1506A9847BDE8D5
:108A50000840FFF747B800BFA45900204FF0B043CB
:108A600010B5D3F8884004F47872C3F88820A306C0
:108A700004D5124A936A0BB1D06A9847600604D5B0
:108A80000E4A136B0BB1506B9847210604D50B4A65
:108A9000936B0BB1D06B9847E20504D5074A136C72
:108AA0000BB1506C9847A30504D5044A936C0BB1E5
:108AB000D06C9847BDE81040FFF714B8A4590020C7
:108AC0004FF0B04310B5D3F8884004F47C42C3F8AB
:108AD0008820620504D5164A136D0BB1506D984776
:108AE000230504D5124A936D0BB1D06D9847E0046D
:108AF00004D50F4A136E0BB1506E9847A10404D5EC
:108B00000B4A936E0BB1D06E9847620404D5084AA5
:108B1000136F0BB1506F9847230404D5044A936F29
:108B20000BB1D06F9847BDE81040FEF7DBBF00BF28
:108B3000A459002008B50348FCF7A6FFBDE808408B
:108B4000FEF7D0BF0037002008B500F0AFFCBDE84D
:108B50000840FEF7C7BF0000062108B50846FCF72D
:108B6000A1FF06210720FCF79DFF06210820FCF746
:108B700099FF06210920FCF795FF06210A20FCF742
:108B800091FF06211720FCF78DFF06212820FCF716
:108B900089FF09217A20FCF785FF09213120FCF7A4
:108BA00081FF07213220BDE80840FCF77BBF0000B1
:108BB00008B5FFF79FFD00F041FCFDF797F9FDF7C1
:108BC00065FBFDF737FAFEF7F9F9BDE8084000F05C
:108BD00029BA000030B50433039C0172002104FB64
:108BE0000325C160C0E90653049B0363059BC0E9EC
:108BF0000000C0E90422C0E90842C0E90A11436349
:108C000030BD00000022416AC260C0E90411C0E921
:108C10000A226FF00101FDF747BF0000D0E90432DE
:108C2000934201D1C2680AB9181D704700207047ED
:108C3000036919600021C2680132C260C26913442D
:108C400082699342036124BF436A0361FDF720BF39
:108C500038B504460D46E3683BB162690020131D38
:108C60001268A3621344E36207E0237A33B929460A
:108C70002046FDF7FDFE0028EDDA38BD6FF001005B
:108C8000FBE70000C368C269013BC360436913444A
:108C900082699342436124BF436A43610023836234
:108CA000036B03B11847704770B53023044683F354
:108CB0001188866A3EB9FFF7CBFF054618B186F3E7
:108CC0001188284670BDA36AE26A13F8015B9342DB
:108CD000A36202D32046FFF7D5FF002383F3118858
:108CE000EFE700002DE9F84F04460E461746984678
:108CF0004FF0300989F311880025AA46D4F828B02E
:108D0000BBF1000F09D141462046FFF7A1FF20B17A
:108D10008BF311882846BDE8F88FD4E90A12A7EB37
:108D2000050B521A934528BF9346BBF1400F1BD940
:108D3000334601F1400251F8040B914243F8040B11
:108D4000F9D1A36A403640354033A362D4E90A23FF
:108D50009A4202D32046FFF795FF8AF31188BD425D
:108D6000D8D289F31188C9E730465A46F9F702F894
:108D7000A36A5E445D445B44A362E7E710B5029CCE
:108D80000433017203FB0421C460C0E9061300230D
:108D9000C0E90A33039B0363049BC0E90000C0E9F8
:108DA0000422C0E90842436310BD0000026A6FF06C
:108DB0000101C260426AC0E904220022C0E90A221D
:108DC000FDF772BED0E904239A4201D1C26822B9EC
:108DD000184650F8043B0B60704700231846FAE72A
:108DE000C3680021C2690133C360436913448269C7
:108DF0009342436124BF436A4361FDF749BE0000CB
:108E000038B504460D46E3683BB1236900201A1DBE
:108E1000A262E2691344E36207E0237A33B9294688
:108E20002046FDF725FE0028EDDA38BD6FF0010081
:108E3000FBE7000003691960C268013AC260C269B9
:108E4000134482699342036124BF436A0361002390
:108E50008362036B03B118477047000070B530237D
:108E60000D460446114683F31188866A2EB9FFF732
:108E7000C7FF10B186F3118870BDA36A1D70A36A85
:108E8000E26A01339342A36204D3E16920460439C4
:108E9000FFF7D0FF002080F31188EDE72DE9F84FB0
:108EA00004460D46904699464FF0300A8AF31188E1
:108EB0000026B346A76A4FB949462046FFF7A0FFF0
:108EC00020B187F311883046BDE8F88FD4E90A074E
:108ED0003A1AA8EB0607974228BF1746402F1BD91E
:108EE00005F1400355F8042B9D4240F8042BF9D1BD
:108EF000A36A40364033A362D4E90A239A4204D3DA
:108F0000E16920460439FFF795FF8BF31188464548
:108F1000D9D28AF31188CDE729463A46F8F72AFFD5
:108F2000A36A3D443E443B44A362E5E7D0E9042301
:108F30009A4217D1C3689BB1836A8BB1043B9B1AD9
:108F40000ED01360C368013BC360C3691A448369D0
:108F50009A42026124BF436A0361002383620123B2
:108F6000184670470023FBE701F01F03F0B502F03D
:108F70001F0456095A1C0123B6EB511F50F8265006
:108F800003FA02F34FEA511703F1FF333DBF50F8E4
:108F90002720C4F12000134003EA05003BBF03FA79
:108FA00000F225FA04F0E0401043F0BD70B57E22D7
:108FB0007F210546FFF7D8FF18B1012819D00020FE
:108FC00070BD3E2249212846FFF7CEFF2F220446DE
:108FD00031212846FFF7C8FF0646013450220236E9
:108FE00053212846B440FFF7BFFF093804FA00F0C8
:108FF000E6E7302245212846FFF7B6FF0130800220
:10900000DEE7000090F8D63090F8D7201B0403EB81
:10901000026390F8D42090F8D500134403EB0020AD
:109020007047000000F018BA014B586A704700BF43
:10903000000C0040034B002258631A610222DA60E0
:10904000704700BF000C0040014B0022DA607047FF
:10905000000C0040014B5863704700BF000C0040FB
:10906000024B034A1A60034A5A6070477C59002039
:10907000305A002000000220074B494210B55C68BE
:10908000201A08401968821A8A4203D3A24201D8E2
:109090005A6010BD0020FCE77C59002008B5302341
:1090A00083F31188FFF7E8FF002383F3118808BDDD
:1090B0000448054B03600023C0E901330C3000F085
:1090C00017B900BF845900209D900008CB1D083AB5
:1090D00023F00703591A521A10B4D2080024C0E929
:1090E000004384600C301C605A605DF8044B00F053
:1090F000FFB800002DE9F74F364FCD1D88460028F8
:1091000018BF0746082A4FEAD50538BF082207F1DD
:109110000C003C1D9146019000F02CF9019809F1DA
:109120000701C9F1000E2246246864B900F02CF949
:109130003B68CBB308224946E8009847044698B3F9
:1091400040E9027830E004EB010CD4F804A00CEA0A
:109150000E0C0AF10106ACF1080304EBC6069E42B0
:10916000E1D9A6EB0C0CB5EBEC0F4FEAEC0BDAD81F
:109170009C421DD204F10802AB45A3EB02024FEA68
:10918000E202626009D9691CED4303EBC1025D4450
:109190005560256843F8315022601C46C3F80480AE
:1091A00044F8087B00F0F0F8204603B0BDE8F08FEB
:1091B000AA45216802D111602346EEE7013504EB90
:1091C000C50344F8351003F10801761AF6105E6005
:1091D0001360F1E78459002073B50446A0F1080537
:1091E00050F8080C54F8043C061D0C30073301906D
:1091F000DB0844F8043C00F0BDF8334601989E4279
:109200001A6801D0AB4228D20AB1954225D244F85F
:10921000082C54F8042C1D60013254F8081C05EB8E
:10922000C206B14206D14E68324444F8042C0A68A2
:1092300044F8082C5E68711C03EBC1018D4207D114
:1092400054F8042C013232445A6054F8082C1A6045
:1092500002B0BDE8704000F097B81346CFE70000B9
:10926000FEE7000070B51E4B0025044686B058602E
:109270000E4605638163FEF70DFC04F12803A5602B
:109280006563C4E90A3304F11003C4E904334FF001
:10929000FF33C4E90044C4E90635FFF7C5FE2B4699
:1092A000024604F13C012046C4E9082380230D4A0C
:1092B0006567FDF757FB7368E0600B4A03620123A3
:1092C000009280F824306846F26801923269CDE954
:1092D0000223064BCDE90435FDF778FB06B070BDDF
:1092E000003C002060A1000858A10008619200081D
:1092F0000023C0E9000083600361704770B51C4B18
:1093000005468468DE685CB3B44213D10369013357
:10931000036170BDA36094F8243083B1062B15D18E
:10932000A06A2146D4E9003213605A60FDF786FA3C
:10933000A36A9C68B368A2689A42EBD306E0D4E9BA
:109340000032204613605A60FDF788FA28463146FD
:10935000FDF774FAB5620620BDE87040FDF780BAEB
:109360000369866001330361336BC3603063D0E708
:109370005839002008B5302383F31188FFF7BEFF6A
:10938000002383F3118808BD194BD96883688B4289
:1093900010B520D1302383F311880269013A0261AC
:1093A000B2B90468C368A0420B631ED04A6B9BB974
:1093B00001238A60036103681A68026050601A6BB7
:1093C0008360C26018631846FDF748FAFDF798FA03
:1093D000002383F3118810BD1C68A34203D0A46846
:1093E000A24238BF2246DB68E1E78260F0E700BFB7
:1093F00058390020024A536B18435063704700BF2E
:109400005839002038B5EFF311859DB9EFF3058485
:10941000C4F30804302334B183F31188FDF77CFCD6
:1094200085F3118838BD83F31188FDF775FC84F34B
:10943000118838BDBDE83840FDF76EBC0023054AF1
:1094400019460133102BC2E9001102F10802F8D1CC
:10945000704700BFA4590020114BD3F8E82042F018
:109460000802C3F8E820D3F8102142F00802C3F83C
:1094700010210C4AD3F81031D36B43F00803D363A7
:10948000C722094B9A624FF0FF32DA6200229A61DA
:109490005A63DA605A6001225A611A60704700BF4D
:1094A000004402580010005C000C0040094A08B556
:1094B0001169D3680B40D9B29B076FEA01011161B2
:1094C00007D5302383F31188FDF740FA002383F397
:1094D000118808BD000C0040FEF7D0B8012838BF45
:1094E000012010B504462046FEF788F830B900F098
:1094F00007F808B900F00CF88047F4E710BD000049
:10950000024B1868BFF35B8F704700BF245A0020DE
:1095100008B5062000F056F80120FDF785FC000094
:1095200010B501390244904201D1002005E00378D2
:1095300011F8014FA34201D0181B10BD0130F2E712
:10954000884210B501EB020402D98442234607D8B1
:10955000431EA14208D011F8012B03F8012FF8E7B0
:10956000024401468A4200D110BD13F8014D02F8B1
:10957000014DF7E71F2938B504460D4604D91623D7
:1095800003604FF0FF3038BD426C12B152F8213009
:109590004BB9204600F030F82A4601462046BDE887
:1095A000384000F017B8012B0AD0591C03D11623FC
:1095B00003600120E7E7002442F825402846984749
:1095C0000020E0E7024B01461868FFF7D3BF00BF59
:1095D0006422002038B5074D002304460846114692
:1095E0002B60FDF725FC431C02D12B6803B12360DF
:1095F00038BD00BF285A0020FDF714BCC9B203468D
:1096000010F8012B1AB18A42F9D118467047002987
:1096100018BF0023F9E70000034611F8012B03F8F7
:10962000012B002AF9D1704710B50139034632B138
:1096300011F8014F03F8014B013A002CF7D11A44FD
:109640000021934200D110BD03F8011BF9E700008F
:109650002F41504D2F5550444154452F6172647530
:1096600070696C6F742D7570646174652E6C6F67B2
:10967000000000004D4435002D2D0A002F41504DB3
:109680002F5550444154452F6172647570696C6F59
:10969000742E6162696E00617474656D70743A2035
:1096A000666F756E642025732073697A653D256C3D
:1096B00075002F41504D2F5550444154452F617234
:1096C000647570696C6F742D7665726966792E6148
:1096D00062696E002F41504D2F5550444154452F23
:1096E0006172647570696C6F742D666C6173682E3D
:1096F0006162696E006661696C7572653A207265B7
:109700006E616D6520257320746F207665726966C1
:10971000792070617468206661696C6564006661B7
:10972000696C7572653A2076657269667920666142
:10973000696C6564007665726966793A206F6B00C2
:109740006661696C7572653A2072656E616D65203F
:1097500076657269667920746F20666C6173682023
:1097600070617468206661696C6564006661696C2B
:109770007572653A20666C617368206661696C6514
:1097800064006661696C7572653A20666C61736825
:1097900065642062757420636F756C64206E6F74ED
:1097A0002064656C6574652025730073756363655B
:1097B00073733A20666C617368656420616E64201F
:1097C00064656C6574656420757064617465206699
:1097D000696C65000000000000000000050F000833
:1097E000A10F0008BD11000845100008990F0008DE
:1097F0000000000000000000010F0008AD0F00088D
:10980000F5110008FD0E0008090F000853544D33F0
:109810003248373F3F3F0053544D33324837337857
:109820002F3732780053544D3332483734332F3783
:1098300035332F373530000001105A00031059001E
:1098400001205800032056002F0000005375636369
:1098500065737366756C6C79206D6F756E74656475
:10986000205344436172642028736C6F77646F7770
:109870006E3D2575290A0000EB7690455846415407
:1098800020202000464154333220202000000000D8
:109890002A3A3C3E7C223F7F002B2C3B3D5B5D0007
:1098A0004355454141414143454545494949414168
:1098B0004592924F4F4F5555594F554F9C4F9E9F34
:1098C00041494F55A5A5A6A7A8A9AAABACADAEAF77
:1098D000B0B1B2B3B4414141B8B9BABBBCBDBEBF6F
:1098E000C0C1C2C3C4C54141C8C9CACBCCCDCECF0B
:1098F000D1D145454549494949D9DADBDCDD49DF64
:109900004FE14F4F4F4FE6E8E85555555959EEEFA7
:10991000F0F1F2F3F4F5F6F7F8F9FAFBFCFDFEFFCF
:1099200001030507090E10121416181C1E00000072
:1099300061001A03E0001703F8000703FF000100AD
:1099400078010001300132010601390110014A019C
:109950002E017901060180014D004302810182013F
:1099600082018401840186018701870189018A01BE
:109970008B018B018D018E018F019001910191016D
:1099800093019401F60196019701980198013D0217
:109990009B019C019D0120029F01A001A001A20149
:1099A000A201A401A401A601A701A701A901AA017E
:1099B000AB01AC01AC01AE01AF01AF01B101B2012D
:1099C000B301B301B501B501B701B801B801BA01DE
:1099D000BB01BC01BC01BE01F701C001C101C20154
:1099E000C301C401C501C401C701C801C701CA013F
:1099F000CB01CA01CD011001DD0101008E01DE01A4
:109A00001201F3010300F101F401F401F80128014E
:109A1000220212013A020900652C3B023B023D0280
:109A2000662C3F0240024102410246020A015302F3
:109A3000400081018601550289018A0158028F0187
:109A40005A0290015C025D025E025F0293016102B4
:109A50006202940164026502660267029701960140
:109A60006A02622C6C026D026E029C01700271022D
:109A70009D01730274029F017602770278027902D7
:109A80007A027B027C02642C7E027F02A6018102A4
:109A90008202A9018402850286028702AE01440285
:109AA000B101B20145028D028E028F029002910235
:109AB000B7017B030300FD03FE03FF03AC030400B7
:109AC0008603880389038A03B1031103C2030200DA
:109AD000A303A303C4030803CC0303008C038E0376
:109AE0008F03D8031801F2030A00F903F303F40308
:109AF000F503F603F703F703F903FA03FA03300457
:109B0000200350041007600422018A043601C104B6
:109B10000E01CF040100C004D004440161052604F5
:109B2000000000007D1D0100632C001E9601A01E98
:109B30005A01001F0806101F0606201F0806301FC6
:109B40000806401F0606511F0700591F521F5B1FC2
:109B5000541F5D1F561F5F1F601F0806701F0E00F9
:109B6000BA1FBB1FC81FC91FCA1FCB1FDA1FDB1FAD
:109B7000F81FF91FEA1FEB1FFA1FFB1F801F0806C3
:109B8000901F0806A01F0806B01F0400B81FB91FC9
:109B9000B21FBC1FCC1F0100C31FD01F0206E01F55
:109BA0000206E51F0100EC1FF31F0100FC1F4E2100
:109BB0000100322170211002842101008321D02470
:109BC0001A05302C2F04602C0201672C0601752C1D
:109BD0000201802C6401002D260841FF1A030000B9
:109BE000C700FC00E900E200E400E000E500E70057
:109BF000EA00EB00E800EF00EE00EC00C400C50056
:109C0000C900E600C600F400F600F200FB00F9000F
:109C1000FF00D600DC00F800A300D800D7009201B6
:109C2000E100ED00F300FA00F100D100AA00BA0053
:109C3000BF00AE00AC00BD00BC00A100AB00BB008B
:109C400091259225932502252425C100C200C0003C
:109C5000A9006325512557255D25A200A5001025E3
:109C6000142534252C251C2500253C25E300C300A4
:109C70005A25542569256625602550256C25A400A4
:109C8000F000D000CA00CB00C8003101CD00CE00EA
:109C9000CF0018250C2588258425A600CC0080251A
:109CA000D300DF00D400D200F500D500B500FE00DF
:109CB000DE00DA00DB00D900FD00DD00AF00B400FB
:109CC000AD00B1001720BE00B600A700F700B80035
:109CD000B000A800B700B900B300B200A025A000F2
:109CE000286E756C6C29000000000000FD4F000814
:109CF000D54F0008854F0008A14F0008BD4F000850
:109D000010000240080002400008024000000B0062
:109D100028000240080002400408024006010C002E
:109D200040000240080002400808024010020D00F6
:109D300058000240080002400C08024016030E00C2
:109D4000700002400C0002401008024000040F00A6
:109D5000880002400C000240140802400605100072
:109D6000A00002400C00024018080240100611003A
:109D7000B80002400C0002401C08024016072F00E9
:109D80001004024008040240200802400008380085
:109D90002804024008040240240802400609390051
:109DA000400402400804024028080240100A3A0019
:109DB00058040240080402402C080240160B3B00E5
:109DC000700402400C04024030080240000C3C00C9
:109DD000880402400C04024034080240060D44008E
:109DE000A00402400C04024038080240100E450056
:109DF000B80402400C0402403C080240160F460022
:109E0000010000000000000000000000B56F000825
:109E1000B96F0008815B0008B95E0008155B000897
:109E20003D5B0008655B0008FD5A0008000000006B
:109E3000B15F00089D5F0008D95F0008C55F00089A
:109E4000D15F0008BD5F0008A95F0008955F0008AA
:109E5000E55F0008000000000100000000000000B5
:109E600063300000609E0008000000000000000059
:109E7000D0390020003C00200001802A00000000B2
:109E8000AAAAAAAA00010024FFFF00000000000007
:109E900000A00A000000000000000000AAAAAAAA70
:109EA00000000000FFFF00000000000000000000B4
:109EB0000000AA0200000000AAAAAAAA00005500F9
:109EC000FFFF000000000000CCCC0C0020000000D0
:109ED00000000000AAAAAAAA10000000FFFF0000CC
:109EE000000C000000000000000000000000000066
:109EF000AAAAAAAA00000000FFFF000000000000BC
:109F0000000000000000000000000000AAAAAAAAA9
:109F100000000000FFFF0000000000000000000043
:109F20000000000000000000AAAAAAAA0000000089
:109F3000FFFF000000000000000000000000000023
:109F400000000000AAAAAAAA00000000FFFF00006B
:109F50000000000000000000000000000000000001
:109F6000AAAAAAAA00000000FFFF0000000000004B
:109F7000000000000000000000000000AAAAAAAA39
:109F800000000000FFFF00000000000000000000D3
:109F90000000000000000000AAAAAAAA0000000019
:109FA000FFFF000000000000000000004172647527
:109FB00050696C6F740025424F415244252D424C2C
:109FC000002553455249414C250000000200000085
:109FD00000000000D161000841620008400040001C
:109FE000B0540020C0540020020000000000000017
:109FF000030000000000000089620008000000006B
:10A0000010000000D05400200000000001000000FB
:10A01000000000002C58002001010200B17000086F
:10A02000C16F00085D700008417000084300000027
:10A0300034A0000809024300020100C032090400F4
:10A0400000010202010005240010010524010001A5
:10A05000042402020524060001070582030800FF0C
:10A0600009040100020A0000000705010240000087
:10A0700007058102400000001200000080A00008D7
:10A0800012011001020000400912415700020102B2
:10A09000030100000403090425424F4152442500F6
:10A0A00053746172626F756E6400303132333435CF
:10A0B000363738394142434445460000000000200D
:10A0C0000000020002000000000000300000040058
:10A0D0000800000000000024000008000400000048
:10A0E0000004000000FC000002000000000004303A
:10A0F000008000000800000000000038000001009F
:10A10000010000001F1C1F1E1F1E1F1F1E1F1E1FE1
:10A110001F1D1F1E1F1E1F1F1E1F1E1F00000000D1
:10A12000E56300089D66000849670008400040009C
:10A130006459002064590020010000007459002077
:10A140008000000040010000080000000001000045
:10A15000001000000800000069646C650000000049
:10A160006D61696E002C0438040438080C10141C4E
:10A1700020242526000000000000640401000400E3
:10A1800000000000000C001028303400DC62FF7F6B
:10A190000100000000000000DC05000000000000DD
:10A1A00000001A0000000000FF0000000000000096
:10A1B0000C98000883040000179800085004000061
:10A1C0002598000801000000000000000096000033
:10A1D00000000800960000000008000004000000D5
:10A1E00094A0000800000000000000000000000033
:10A1F00000000000000000000000000068220020B5
:10A20000000000000000000000000000000000004E
:10A21000000000000000000000000000000000003E
:10A22000000000000000000000000000000000002E
:10A23000000000000000000000000000000000001E
:10A24000000000000000000000000000000000000E
:10A2500000000000000000000000000000000000FE
:00000001FF
